periodo_parlamentario,periodo_anual,legislatura,descripcion,clean_link,file_name
Congreso de la República - Periodo Parlamentario 2021 - 2026,Período Anual de Sesiones 2025 - 2026,Primera Legislatura Ordinaria,Asistencias y votaciones PROVISIONALES de la sesión del 23-10-2025,https://www2.congreso.gob.pe/Sicr/RelatAgenda/PlenoComiPerm20112016.nsf/Apleno/6F57D314FE6D46CC05258D2C005F2DD0/$FILE/Asis_y_vot_del_23-10-2025.pdf,a90ab077-a704-539b-96fc-d6fc91df3dbd.pdf
Congreso de la República - Periodo Parlamentario 2021 - 2026,Período Anual de Sesiones 2025 - 2026,Primera Legislatura Ordinaria,Asistencias y votación de la sesión del 22-10-2025,https://www2.congreso.gob.pe/Sicr/RelatAgenda/PlenoComiPerm20112016.nsf/Apleno/1D95BAD75764116E05258D2C00081C52/$FILE/Asis_y_vot_del_22-10-2025.pdf,cf308459-8db8-5e34-9352-4c63b559b756.pdf
Congreso de la República - Periodo Parlamentario 2021 - 2026,Período Anual de Sesiones 2025 - 2026,Primera Legislatura Ordinaria,Asistencias y votación de la sesión del 16-10-2025,https://www2.congreso.gob.pe/Sicr/RelatAgenda/PlenoComiPerm20112016.nsf/Apleno/F959FA145412595605258D250064D8D1/$FILE/Asis_y_vot_del_16-10-2025.pdf,ae5c634a-26b6-5ac8-9544-60ae0df44e61.pdf
Congreso de la República - Periodo Parlamentario 2021 - 2026,Período Anual de Sesiones 2025 - 2026,Primera Legislatura Ordinaria,Asistencias y votaciones de la sesión del 10-10-2025 (Sesión solemne),https://www2.congreso.gob.pe/Sicr/RelatAgenda/PlenoComiPerm20112016.nsf/Apleno/7BB69E68B23565C105258D1F00232625/$FILE/Asis_y_vot_del_10-10-2025.pdf,aaf8f003-a271-5ca0-a259-5ceca4de110b.pdf
Congreso de la República - Periodo Parlamentario 2021 - 2026,Período Anual de Sesiones 2025 - 2026,Primera Legislatura Ordinaria,Asistencias y votaciones de la sesión del 9-10-2025,https://www2.congreso.gob.pe/Sicr/RelatAgenda/PlenoComiPerm20112016.nsf/Apleno/A11DBDA777EF9E1605258D1E0060DBC5/$FILE/Asis_y_vot_del_9-10-2025.pdf,188f59f9-9657-5b53-9e09-5f876d8177f5.pdf
Congreso de la República - Periodo Parlamentario 2021 - 2026,Período Anual de Sesiones 2025 - 2026,Primera Legislatura Ordinaria,Asistencias y votaciones de la sesión del 9-10-2025 (Sesión vespertina),https://www2.congreso.gob.pe/Sicr/RelatAgenda/PlenoComiPerm20112016.nsf/Apleno/CCB5E6E9413CC79205258D1F00136975/$FILE/Asis_y_vot_del_9-10-2025_nocturna.pdf,8a7fe53a-c811-51d7-a1df-a37b41d08899.pdf
Congreso de la República - Periodo Parlamentario 2021 - 2026,Período Anual de Sesiones 2025 - 2026,Primera Legislatura Ordinaria,Asistencia de la sesión del 7-10-2025 (Sesión solemne),https://www2.congreso.gob.pe/Sicr/RelatAgenda/PlenoComiPerm20112016.nsf/Apleno/4F9EBA29318F29E505258D1C007DB27E/$FILE/Asis_y_vot_del_7-10-2025.pdf,545ea1a4-83f0-5dd6-ab13-855b5e9600d8.pdf
Congreso de la República - Periodo Parlamentario 2021 - 2026,Período Anual de Sesiones 2025 - 2026,Primera Legislatura Ordinaria,Asistencias y votaciones de la sesión del 2-10-2025,https://www2.congreso.gob.pe/Sicr/RelatAgenda/PlenoComiPerm20112016.nsf/Apleno/E3565D428E951EE505258D17006D4C82/$FILE/Asis_y_vot_del_2-10-2025.pdf,bb932792-fdd9-5bc9-a567-5dfe87b73d58.pdf
Congreso de la República - Periodo Parlamentario 2021 - 2026,Período Anual de Sesiones 2025 - 2026,Primera Legislatura Ordinaria,Asistencias y votaciones de la sesión del 1-10-2025,https://www2.congreso.gob.pe/Sicr/RelatAgenda/PlenoComiPerm20112016.nsf/Apleno/F05737FD24BE5CC405258D160080AEE6/$FILE/Asis_y_vot_del_1-10-2025.pdf,7f101178-34e5-59e7-a71e-81fc62a9a2b3.pdf
Congreso de la República - Periodo Parlamentario 2021 - 2026,Período Anual de Sesiones 2025 - 2026,Primera Legislatura Ordinaria,Asistencias y votaciones de la sesión del 30-9-2025,https://www2.congreso.gob.pe/Sicr/RelatAgenda/PlenoComiPerm20112016.nsf/Apleno/2F4E18492E371F1005258D1500820D8F/$FILE/Asis_y_vot_del_30-9-2025.pdf,bdce9c4a-c601-51e3-8f1d-49a4d68df701.pdf
Congreso de la República - Periodo Parlamentario 2021 - 2026,Período Anual de Sesiones 2025 - 2026,Primera Legislatura Ordinaria,Asistencia de la sesión del 18-9-2025 (Sesión solemne),https://www2.congreso.gob.pe/Sicr/RelatAgenda/PlenoComiPerm20112016.nsf/Apleno/99DBDB8DE74E95E805258D090071020F/$FILE/Asis_sesión_solemne_18-9-2025.pdf,70925023-1907-5706-afe5-731d87166b69.pdf
Congreso de la República - Periodo Parlamentario 2021 - 2026,Período Anual de Sesiones 2025 - 2026,Primera Legislatura Ordinaria,Asistencias y votaciones de la sesión del 17-9-2025,https://www2.congreso.gob.pe/Sicr/RelatAgenda/PlenoComiPerm20112016.nsf/Apleno/622E4C2833032FD505258D09000087C5/$FILE/Asis_y_vot_del_17-9-2025.pdf,8415ba8d-c438-51d4-b25a-837c360a78ac.pdf
Congreso de la República - Periodo Parlamentario 2021 - 2026,Período Anual de Sesiones 2025 - 2026,Primera Legislatura Ordinaria,Asistencia de la sesión del 11-9-2025,https://www2.congreso.gob.pe/Sicr/RelatAgenda/PlenoComiPerm20112016.nsf/Apleno/469C50ED6AA4431D05258D02007EBE05/$FILE/Asis_sesión_del_11-9-2025.pdf,486683ca-19b2-5d05-a687-c6674f11da0e.pdf
Congreso de la República - Periodo Parlamentario 2021 - 2026,Período Anual de Sesiones 2025 - 2026,Primera Legislatura Ordinaria,Asistencias y votaciones de la sesión del 10-9-2025,https://www2.congreso.gob.pe/Sicr/RelatAgenda/PlenoComiPerm20112016.nsf/Apleno/864A0C3F7EE3505705258D010079B963/$FILE/Asis_y_vot_del_10-9-2025.pdf,37d031bc-d672-5490-b5c7-0a8bad736487.pdf
Congreso de la República - Periodo Parlamentario 2021 - 2026,Período Anual de Sesiones 2025 - 2026,Primera Legislatura Ordinaria,Asistencias y votaciones de la sesión del 4-9-2025,https://www2.congreso.gob.pe/Sicr/RelatAgenda/PlenoComiPerm20112016.nsf/Apleno/7842EE7A61C8330405258CFB005A6739/$FILE/Asis_y_vot_del_4-9-2025.pdf,4d6158e3-8554-56bb-84e8-23c349ef53e1.pdf
Congreso de la República - Periodo Parlamentario 2021 - 2026,Período Anual de Sesiones 2025 - 2026,Primera Legislatura Ordinaria,Asistencia de la sesión del 4-9-2025 (Sesión extraordinaria),https://www2.congreso.gob.pe/Sicr/RelatAgenda/PlenoComiPerm20112016.nsf/Apleno/AED5D0E54B0EBDE305258CFB00761DBA/$FILE/Asis_sesión_extraordinaria_4-9-2025.pdf,6d1f9fb6-9713-503d-8732-6de712d6a3d2.pdf
Congreso de la República - Periodo Parlamentario 2021 - 2026,Período Anual de Sesiones 2025 - 2026,Primera Legislatura Ordinaria,Asistencias y votaciones de la sesión del 3-9-2025,https://www2.congreso.gob.pe/Sicr/RelatAgenda/PlenoComiPerm20112016.nsf/Apleno/16DFA24A32C4DCB305258CFA0082CDD4/$FILE/Asis_y_vot_del_3-9-2025.pdf,8a591875-098f-5f42-b911-108d9764f220.pdf
Congreso de la República - Periodo Parlamentario 2021 - 2026,Período Anual de Sesiones 2025 - 2026,Primera Legislatura Ordinaria,Asistencias y votaciones de la sesión del 21-8-2025,https://www2.congreso.gob.pe/Sicr/RelatAgenda/PlenoComiPerm20112016.nsf/Apleno/2B2CA3E4C9256E8E05258CED00610680/$FILE/Asis_y_vot_del_21-8-2025.pdf,acfd167a-9e1f-5c33-a1d7-dbcae6a72f67.pdf
Congreso de la República - Periodo Parlamentario 2021 - 2026,Período Anual de Sesiones 2025 - 2026,Primera Legislatura Ordinaria,Asistencias y votaciones de la sesión del 20-8-2025,https://www2.congreso.gob.pe/Sicr/RelatAgenda/PlenoComiPerm20112016.nsf/Apleno/F13F9369151C84BC05258CED0001D98E/$FILE/Asis_y_vot_del_20-8-2025.pdf,dcbe9cb1-c971-5024-85d3-55d4dd5cec20.pdf
Congreso de la República - Periodo Parlamentario 2021 - 2026,Período Anual de Sesiones 2025 - 2026,Primera Legislatura Ordinaria,Asistencias y votaciones de la sesión del 19-8-2025,https://www2.congreso.gob.pe/Sicr/RelatAgenda/PlenoComiPerm20112016.nsf/Apleno/40C3FF23E9D7AACE05258CEB00821890/$FILE/Asis_y_vot_del_19-8-2025.pdf,3799e024-1452-57fd-bf28-8810c6b06abf.pdf
Congreso de la República - Periodo Parlamentario 2021 - 2026,Período Anual de Sesiones 2025 - 2026,Primera Legislatura Ordinaria,Asistencias y votaciones de la sesión del 14-8-2025,https://www2.congreso.gob.pe/Sicr/RelatAgenda/PlenoComiPerm20112016.nsf/Apleno/7954AD76C57AE9C105258CE6005F25FA/$FILE/Asis_y_vot_del_14-8-2025.pdf,3e4a0fba-a409-55b3-bc11-5144ed33ab27.pdf
Congreso de la República - Periodo Parlamentario 2021 - 2026,Período Anual de Sesiones 2025 - 2026,Primera Legislatura Ordinaria,Asistencias y votaciones de la sesión del 7-8-2025,https://www2.congreso.gob.pe/Sicr/RelatAgenda/PlenoComiPerm20112016.nsf/Apleno/424C2017D6DAA89C05258CDF007EDBB9/$FILE/Asis_y_vot_del_7-8-2025.pdf,5ac24cd9-9f7e-53d5-a73a-8c55b17bc598.pdf
Congreso de la República - Periodo Parlamentario 2021 - 2026,Período Anual de Sesiones 2025 - 2026,Primera Legislatura Ordinaria,Asistencias y votaciones de la sesión del 1-8-2025,https://www2.congreso.gob.pe/Sicr/RelatAgenda/PlenoComiPerm20112016.nsf/Apleno/8D8E9AF4F2752FB105258CD900814A62/$FILE/Asis_y_vot_1-08-2025.pdf,6532c372-4bed-56bf-9e83-3911e21deb2d.pdf
Congreso de la República - Periodo Parlamentario 2021 - 2026,Período Anual de Sesiones 2025 - 2026,Primera Legislatura Ordinaria,Asistencia de la sesión del 28-07-2025 (Sesión Solemne),https://www2.congreso.gob.pe/Sicr/RelatAgenda/PlenoComiPerm20112016.nsf/Apleno/F965D2141073EC2C05258CD70057C747/$FILE/Asistencia_del_28-07-2025.pdf,bd596416-2465-5a9c-b7d6-2d02d6cd00fd.pdf
Congreso de la República - Periodo Parlamentario 2021 - 2026,Período Anual de Sesiones 2025 - 2026,Primera Legislatura Ordinaria,Asistencia de la sesión del 27-7-2025 (Instalación de la legislatura 2025-2026),https://www2.congreso.gob.pe/Sicr/RelatAgenda/PlenoComiPerm20112016.nsf/Apleno/CC50E9D6C24677CA05258CD700573A96/$FILE/Asistencia_del_27-07-2025.pdf,7d226c8f-defc-599c-bc7a-63a411539dc7.pdf
Congreso de la República - Periodo Parlamentario 2021 - 2026,Período Anual de Sesiones 2024 - 2025,Segunda Legislatura Ordinaria,Asistencia de la sesión del 26-7-2025,https://www2.congreso.gob.pe/Sicr/RelatAgenda/PlenoComiPerm20112016.nsf/Apleno/A0FBFD846DA2770005258CD700571066/$FILE/Asistencia_26-07-2025.pdf,28e229be-3aa2-5eec-a0bd-fb0be87c7cca.pdf
Congreso de la República - Periodo Parlamentario 2021 - 2026,Período Anual de Sesiones 2024 - 2025,Segunda Legislatura Ordinaria,Asistencia de la sesión del 13-6-2025,https://www2.congreso.gob.pe/Sicr/RelatAgenda/PlenoComiPerm20112016.nsf/Apleno/784F9617BF5A6D9905258CA8007484CA/$FILE/Asis_y_vot_de_la_sesión_del_13-6-2025.pdf,a7868d19-4362-5f1b-91c8-9da504544314.pdf
Congreso de la República - Periodo Parlamentario 2021 - 2026,Período Anual de Sesiones 2024 - 2025,Segunda Legislatura Ordinaria,Asistencias y votaciones de la sesión del 12-6-2025,https://www2.congreso.gob.pe/Sicr/RelatAgenda/PlenoComiPerm20112016.nsf/Apleno/5510AD6FC0ED582A05258CA7007DD8DB/$FILE/Asis_y_vot_de_la_sesión_del_12-6-2025.pdf,2c6d90ba-f946-5581-9869-17581a1a8e1f.pdf
Congreso de la República - Periodo Parlamentario 2021 - 2026,Período Anual de Sesiones 2024 - 2025,Segunda Legislatura Ordinaria,Asistencias y votaciones de la sesión del 11-6-2025,https://www2.congreso.gob.pe/Sicr/RelatAgenda/PlenoComiPerm20112016.nsf/Apleno/A6147EF5A94B8EF405258CA6005D673A/$FILE/Asis_y_vot_de_la_sesión_del_11-6-2025.pdf,a54b2525-712c-5a89-91e9-ca98babcc220.pdf
Congreso de la República - Periodo Parlamentario 2021 - 2026,Período Anual de Sesiones 2024 - 2025,Segunda Legislatura Ordinaria,Asistencias y votaciones de la sesión del 10-6-2025,https://www2.congreso.gob.pe/Sicr/RelatAgenda/PlenoComiPerm20112016.nsf/Apleno/4908F574D0CE71A505258CA5007DEC08/$FILE/Asis_y_vot_de_la_sesión_del_10-6-2025.pdf,2b55667f-a81f-5e43-96fd-e5fc8a4fb890.pdf
Congreso de la República - Periodo Parlamentario 2021 - 2026,Período Anual de Sesiones 2024 - 2025,Segunda Legislatura Ordinaria,Asistencias y votaciones de la sesión del 5-6-2025,https://www2.congreso.gob.pe/Sicr/RelatAgenda/PlenoComiPerm20112016.nsf/Apleno/5DF5B92BC86D30A605258CA0005BD43B/$FILE/Asis_y_vot_de_la_sesión_del_5-6-2025.pdf,981471ec-7dbe-539c-905d-8f571f9f8f78.pdf
Congreso de la República - Periodo Parlamentario 2021 - 2026,Período Anual de Sesiones 2024 - 2025,Segunda Legislatura Ordinaria,Asistencias y votaciones de la sesión del 4-6-2025,https://www2.congreso.gob.pe/Sicr/RelatAgenda/PlenoComiPerm20112016.nsf/Apleno/2747C2148283F58C05258C9F007ACBC7/$FILE/Asis_y_vot_de_la_sesión_del_4-6-2025.pdf,f2eade56-aafb-55e7-bd2b-eb61618f3979.pdf
Congreso de la República - Periodo Parlamentario 2021 - 2026,Período Anual de Sesiones 2024 - 2025,Segunda Legislatura Ordinaria,Asistencias y votaciones de la sesión del 22-05-2025,https://www2.congreso.gob.pe/Sicr/RelatAgenda/PlenoComiPerm20112016.nsf/Apleno/6B9026E0E33C543805258C92005DA8B4/$FILE/Asis_y_vot_de_la_sesión_del_22-5-2025.pdf,3ccba948-9bae-5533-8eff-79cbb5062299.pdf
Congreso de la República - Periodo Parlamentario 2021 - 2026,Período Anual de Sesiones 2024 - 2025,Segunda Legislatura Ordinaria,Asistencias y votaciones de la sesión del 21-05-2025,https://www2.congreso.gob.pe/Sicr/RelatAgenda/PlenoComiPerm20112016.nsf/Apleno/2BE0B3B64691348005258C91007A421E/$FILE/Asis_y_vot_de_la_sesión_del_21-5-2025.pdf,c5de6aa0-3d22-56e0-80d5-6d4896c92777.pdf
Congreso de la República - Periodo Parlamentario 2021 - 2026,Período Anual de Sesiones 2024 - 2025,Segunda Legislatura Ordinaria,Asistencias y votaciones de la sesión del 15-5-2025,https://www2.congreso.gob.pe/Sicr/RelatAgenda/PlenoComiPerm20112016.nsf/Apleno/B85639A6D7A54C1605258C8B005F8CC5/$FILE/Asis_y_vot_de_la_sesión_del_15-5-2025.pdf,b028a276-d53a-50b9-9666-99b5fe885e73.pdf
Congreso de la República - Periodo Parlamentario 2021 - 2026,Período Anual de Sesiones 2024 - 2025,Segunda Legislatura Ordinaria,Asistencias y votaciones de la sesión del 14-5-2025,https://www2.congreso.gob.pe/Sicr/RelatAgenda/PlenoComiPerm20112016.nsf/Apleno/14AF3A51996DE39005258C8A005BF5D9/$FILE/Asis_y_vot_de_la_sesión_del_14-5-2025.pdf,3bb11d27-b88c-550a-80dc-96cb8218a150.pdf
Congreso de la República - Periodo Parlamentario 2021 - 2026,Período Anual de Sesiones 2024 - 2025,Segunda Legislatura Ordinaria,Asistencia de la sesión del 6-5-2025,https://www2.congreso.gob.pe/Sicr/RelatAgenda/PlenoComiPerm20112016.nsf/Apleno/1D60A776511C3F5605258C82007CFF33/$FILE/Asis_y_vot_de_la_sesión_del_6-5-2025.pdf,6b183c2c-4be5-59bb-8fec-e8d957d45c4f.pdf
Congreso de la República - Periodo Parlamentario 2021 - 2026,Período Anual de Sesiones 2024 - 2025,Segunda Legislatura Ordinaria,Asistencia de la sesión del 9-4-2025,https://www2.congreso.gob.pe/Sicr/RelatAgenda/PlenoComiPerm20112016.nsf/Apleno/D8925F935112CABA05258C680060E08D/$FILE/Asis_y_vot_de_la_sesión_del_9-4-2025.pdf,c604c7c7-1021-55c5-99c9-b28a511ab7f6.pdf
Congreso de la República - Periodo Parlamentario 2021 - 2026,Período Anual de Sesiones 2024 - 2025,Primera Legislatura Ordinaria,Asistencia de la sesión del 28-11-2024,https://www2.congreso.gob.pe/Sicr/RelatAgenda/PlenoComiPerm20112016.nsf/Apleno/5BE9D9C934575A6905258BE3005902FE/$FILE/Asis_y_vot_del_28_11_2024.pdf,f9d80286-6c7b-503d-bf5a-7cf5cb65ffab.pdf
Congreso de la República - Periodo Parlamentario 2021 - 2026,Período Anual de Sesiones 2024 - 2025,Primera Legislatura Ordinaria,Asistencia de la sesión del 27-11-2024,https://www2.congreso.gob.pe/Sicr/RelatAgenda/PlenoComiPerm20112016.nsf/Apleno/9FA06DECD7C933CB05258BE30058BEF7/$FILE/Asis_y_vot_del_27_11_2024.pdf,d86ce15f-7bed-5839-920a-673dbfc0ae2d.pdf
Congreso de la República - Periodo Parlamentario 2021 - 2026,Período Anual de Sesiones 2024 - 2025,Primera Legislatura Ordinaria,Asistencia de la sesión extraordinaria del 22/11/2024,https://www2.congreso.gob.pe/Sicr/RelatAgenda/PlenoComiPerm20112016.nsf/Apleno/36DA964D8B7C547A05258BDD00772364/$FILE/Asis_y_vot_del_22_11_2024.pdf,334b182b-0e48-5e62-acff-e7ac6c4b59ba.pdf
Congreso de la República - Periodo Parlamentario 2021 - 2026,Período Anual de Sesiones 2024 - 2025,Primera Legislatura Ordinaria,Asistencia de la sesión solemne del 10-10-2024,https://www2.congreso.gob.pe/Sicr/RelatAgenda/PlenoComiPerm20112016.nsf/Apleno/8831534ADCAF817305258BB7007AC84F/$FILE/Asis_sesión_solemne_10_10_2024.pdf,3703be34-9374-5b07-a811-c98008ad3f82.pdf
Congreso de la República - Periodo Parlamentario 2021 - 2026,Período Anual de Sesiones 2024 - 2025,Primera Legislatura Ordinaria,Asistencia de la sesión del 2-10-2024,https://www2.congreso.gob.pe/Sicr/RelatAgenda/PlenoComiPerm20112016.nsf/Apleno/1C908699DD8C104005258BAA00669A85/$FILE/Asis_del_2_10_2024_Cinf.pdf,d34d2a8c-b02f-5e84-8fdb-a6336d5ab629.pdf
Congreso de la República - Periodo Parlamentario 2021 - 2026,Período Anual de Sesiones 2024 - 2025,Primera Legislatura Ordinaria,Asistencia de la sesión solemne del 20-9-2024,https://www2.congreso.gob.pe/Sicr/RelatAgenda/PlenoComiPerm20112016.nsf/Apleno/FDC425702D62D02105258BA900589C16/$FILE/Asis_del_20_9_2024.pdf,e19a4dc6-aca9-5f0d-9865-18f3cd4c287d.pdf
Congreso de la República - Periodo Parlamentario 2021 - 2026,Período Anual de Sesiones 2024 - 2025,Primera Legislatura Ordinaria,Asistencia de la sesión del 12-9-2024,https://www2.congreso.gob.pe/Sicr/RelatAgenda/PlenoComiPerm20112016.nsf/Apleno/25CFB0D6429F10F205258B960056ADB9/$FILE/Asis_y_vot_del_12_9_2024.pdf,ee24be42-8106-5a65-910e-dcf7449a7861.pdf
Congreso de la República - Periodo Parlamentario 2021 - 2026,Período Anual de Sesiones 2024 - 2025,Primera Legislatura Ordinaria,Asistencia de la sesión del 5-9-2024,https://www2.congreso.gob.pe/Sicr/RelatAgenda/PlenoComiPerm20112016.nsf/Apleno/BFECD6860F15A69B05258B8F0057BE37/$FILE/Asis_y_vot_del_5_9_2024.pdf,2d4a9b56-fda8-5bef-a566-aba3d1615f09.pdf
Congreso de la República - Periodo Parlamentario 2021 - 2026,Período Anual de Sesiones 2024 - 2025,Primera Legislatura Ordinaria,Asistencia de la sesión del 28-7-2024 (Sesión solemne),https://www2.congreso.gob.pe/Sicr/RelatAgenda/PlenoComiPerm20112016.nsf/Apleno/777641A5723DA70D05258B6B006F460B/$FILE/Asis_OFICIAL_del_28-7-2024.pdf,22ca94cf-ae14-5028-8e2b-875533a839a8.pdf
Congreso de la República - Periodo Parlamentario 2021 - 2026,Período Anual de Sesiones 2024 - 2025,Primera Legislatura Ordinaria,Asistencia de la sesión del 27-7-2024 (Sesión de instalación de la legislatura 2024-2025),https://www2.congreso.gob.pe/Sicr/RelatAgenda/PlenoComiPerm20112016.nsf/Apleno/7B08BC12366D7ACA05258B6A004E9518/$FILE/Asistencia_OFICIAL_sesión_de_instalación_27-7-2024.pdf,95eecf82-3d98-5478-94c8-ba643667eb72.pdf
Congreso de la República - Periodo Parlamentario 2021 - 2026,Período Anual de Sesiones 2023 - 2024,Segunda Legislatura Ordinaria,Asistencia de la sesión del 26-7-2024,https://www2.congreso.gob.pe/Sicr/RelatAgenda/PlenoComiPerm20112016.nsf/Apleno/BCAB1CA86A90932605258B6B00721CAE/$FILE/Asistencia_OFICIAL_del-26-7-2024.pdf,8fed8001-ff60-5fad-ad8b-78533b34cbe7.pdf
Congreso de la República - Periodo Parlamentario 2021 - 2026,Período Anual de Sesiones 2023 - 2024,Segunda Legislatura Ordinaria,Asistencia de la sesión del 15-5-2024,https://www2.congreso.gob.pe/Sicr/RelatAgenda/PlenoComiPerm20112016.nsf/Apleno/06F4EA63626BD48405258B1F0003226A/$FILE/Asis_OFICIAL_de_la_seión_del_15-5-2024.pdf,56afbf49-16da-5812-898b-5b4b89afd0a2.pdf
Congreso de la República - Periodo Parlamentario 2021 - 2026,Período Anual de Sesiones 2023 - 2024,Segunda Legislatura Ordinaria,Asistencia de la sesión del 25-3-2024,https://www2.congreso.gob.pe/Sicr/RelatAgenda/PlenoComiPerm20112016.nsf/Apleno/5E6133077C70C5AA05258AEC0004D89C/$FILE/Asis_OFICIAL_de_la_seión_del-25-3-2024.pdf,35f31095-c216-584b-8830-ac11384f324f.pdf
Congreso de la República - Periodo Parlamentario 2021 - 2026,Período Anual de Sesiones 2023 - 2024,Primera Legislatura Ordinaria,Asistencia de la sesión matinal del 6-12-2023,https://www2.congreso.gob.pe/Sicr/RelatAgenda/PlenoComiPerm20112016.nsf/Apleno/96282EBD4253572005258A7D0062B9CF/$FILE/Asis_OFICIAL_de_la_sesión_matutina_del-6-11-2023.pdf,b35f9967-7511-546f-bede-97394a79751b.pdf
Congreso de la República - Periodo Parlamentario 2021 - 2026,Período Anual de Sesiones 2023 - 2024,Primera Legislatura Ordinaria,Asistencia de la sesión matinal del 29-11-2023,https://www2.congreso.gob.pe/Sicr/RelatAgenda/PlenoComiPerm20112016.nsf/Apleno/F4BE4D283C8F07A405258A7600588C1F/$FILE/Asis_y_vot_OFICIAL_29-11-23_matinal.pdf,896f49ff-4690-527e-8824-44fd7ee490c2.pdf
Congreso de la República - Periodo Parlamentario 2021 - 2026,Período Anual de Sesiones 2023 - 2024,Primera Legislatura Ordinaria,Asistencia de la sesión vespertina del 29-11-2023,https://www2.congreso.gob.pe/Sicr/RelatAgenda/PlenoComiPerm20112016.nsf/Apleno/153D93D226772FDD05258A84005BD341/$FILE/Asis_y_vot_OFICIAL_29-11-23_vespertina.pdf,f3e91fae-a938-5717-95b6-6140b7c7c038.pdf
Congreso de la República - Periodo Parlamentario 2021 - 2026,Período Anual de Sesiones 2023 - 2024,Primera Legislatura Ordinaria,Asistencia de la sesión del 08-11-2023,https://www2.congreso.gob.pe/Sicr/RelatAgenda/PlenoComiPerm20112016.nsf/Apleno/2F753375F77B37C605258A61007989CD/$FILE/Asis_OFICIAL_08-11-23.pdf,05b807aa-3909-59c8-9e93-98e1d6a36093.pdf
Congreso de la República - Periodo Parlamentario 2021 - 2026,Período Anual de Sesiones 2023 - 2024,Primera Legislatura Ordinaria,Asistencia de la sesión del 07-11-2023,https://www2.congreso.gob.pe/Sicr/RelatAgenda/PlenoComiPerm20112016.nsf/Apleno/DE7753F6843E9CA505258A61006B4C92/$FILE/Asis_OFICIAL_7-11-23.pdf,37541567-9359-5615-9651-801d59d89775.pdf
Congreso de la República - Periodo Parlamentario 2021 - 2026,Período Anual de Sesiones 2023 - 2024,Primera Legislatura Ordinaria,Asistencia de la sesión del 05-10-2023 (Elección de la primera vicepresidencia del Congreso),https://www2.congreso.gob.pe/Sicr/RelatAgenda/PlenoComiPerm20112016.nsf/Apleno/8A51AA0E766CCF4705258A4A004F186F/$FILE/Asis_OFICIAL_05-10-23.pdf,a9a16f64-1a90-5d05-94a8-4f015eb58183.pdf
Congreso de la República - Periodo Parlamentario 2021 - 2026,Período Anual de Sesiones 2023 - 2024,Primera Legislatura Ordinaria,Asistencia de la sesión solemne del 20-09-2023,https://www2.congreso.gob.pe/Sicr/RelatAgenda/PlenoComiPerm20112016.nsf/Apleno/FED4B7B0BB66C57605258A32005E72B2/$FILE/Asis_OFICIAL_sesión_solemne_20-09-23.pdf,14f469c5-1810-5d78-af71-d492ead0a6bb.pdf
Congreso de la República - Periodo Parlamentario 2021 - 2026,Período Anual de Sesiones 2023 - 2024,Primera Legislatura Ordinaria,Asistencia a la sesión del 13-09-2023,https://www2.congreso.gob.pe/Sicr/RelatAgenda/PlenoComiPerm20112016.nsf/Apleno/94FB41EFCF41580F05258A32005E64D3/$FILE/Asis_OFICIAL_13-09-23.pdf,4efe03fd-e0c2-5ac8-a3a9-ac9060fd5705.pdf
Congreso de la República - Periodo Parlamentario 2021 - 2026,Período Anual de Sesiones 2023 - 2024,Primera Legislatura Ordinaria,Asistencia de la sesión extraordinaria del 06-09-2023,https://www2.congreso.gob.pe/Sicr/RelatAgenda/PlenoComiPerm20112016.nsf/Apleno/F10BAF38620C843905258A280070CD70/$FILE/Asis_OFICIAL_06-09-2023.pdf,20499187-1efa-5cf7-bf37-534a1042eaa6.pdf
Congreso de la República - Periodo Parlamentario 2021 - 2026,Período Anual de Sesiones 2023 - 2024,Primera Legislatura Ordinaria,Asistencia de la sesión del 28-07-2023 (Sesión Solemne),https://www2.congreso.gob.pe/Sicr/RelatAgenda/PlenoComiPerm20112016.nsf/Apleno/199235E7C28E76DD052589FD0062A9F4/$FILE/Asistencia_OFICIAL_28-07-23.pdf,137d61b9-4bae-58b0-b3e5-af097f199d60.pdf
Congreso de la República - Periodo Parlamentario 2021 - 2026,Período Anual de Sesiones 2023 - 2024,Asistencia de la sesión del 27-07-2022 (Sesión de Instalación de la Legislatura 2023 - 2024),Asistencia de la sesión del 27-07-2022 (Sesión de Instalación de la Legislatura 2023 - 2024),https://www2.congreso.gob.pe/Sicr/RelatAgenda/PlenoComiPerm20112016.nsf/Apleno/7A30445B6B44C9DB052589FD006273BF/$FILE/Asistencia_OFICIAL_27-07-2023.pdf,af7183ca-1986-5378-af98-08fb648ecabd.pdf
Congreso de la República - Periodo Parlamentario 2021 - 2026,Período Anual de Sesiones 2022 - 2023,Primera Legislatura Ordinaria,Asistencia de la sesión del 10-02-2023,https://www2.congreso.gob.pe/Sicr/RelatAgenda/PlenoComiPerm20112016.nsf/Apleno/B55A3BA6F37A4F63052589580052F14A/$FILE/Asis_OFICIAL_10-02-23.pdf,6b701c1f-93cf-571f-a878-e8210527684b.pdf
Congreso de la República - Periodo Parlamentario 2021 - 2026,Período Anual de Sesiones 2022 - 2023,Primera Legislatura Ordinaria,Asistencia de la sesión del 08-02-2023,https://www2.congreso.gob.pe/Sicr/RelatAgenda/PlenoComiPerm20112016.nsf/Apleno/35BE878525B4A5990525895200571DD5/$FILE/Asis_OFICIAL_08-02-2023.pdf,cb31c891-669b-5e6b-a82a-9cb86177997e.pdf
Congreso de la República - Periodo Parlamentario 2021 - 2026,Período Anual de Sesiones 2022 - 2023,Primera Legislatura Ordinaria,Asistencia de la sesión del 15-12-2022,https://www2.congreso.gob.pe/Sicr/RelatAgenda/PlenoComiPerm20112016.nsf/Apleno/4DFB96924603C9CA0525891A00743B01/$FILE/Asis_OFICIAL_15-12-22.pdf,9b163761-9699-5bcb-95be-9a4c09a06b10.pdf
Congreso de la República - Periodo Parlamentario 2021 - 2026,Período Anual de Sesiones 2022 - 2023,Primera Legislatura Ordinaria,Asistencia y votación de la sesión del 07-12-2022,https://www2.congreso.gob.pe/Sicr/RelatAgenda/PlenoComiPerm20112016.nsf/Apleno/91E5970F99BA235C05258917006DF112/$FILE/Asis_vot_OFICIAL_07-12-2022.pdf,c755f44a-8701-54e6-8b39-e76ad890f595.pdf
Congreso de la República - Periodo Parlamentario 2021 - 2026,Período Anual de Sesiones 2022 - 2023,Primera Legislatura Ordinaria,Asistencia de la sesión del 29-11-2022,https://www2.congreso.gob.pe/Sicr/RelatAgenda/PlenoComiPerm20112016.nsf/Apleno/A5A65E24E93D0DE3052589100050FD06/$FILE/Asis_OFICIAL_29-11-2022.pdf,6d597115-4a4a-5af9-8aa7-d3a0bff707b5.pdf
Congreso de la República - Periodo Parlamentario 2021 - 2026,Período Anual de Sesiones 2022 - 2023,Primera Legislatura Ordinaria,Asistencia de la sesión del 28-11-2022,https://www2.congreso.gob.pe/Sicr/RelatAgenda/PlenoComiPerm20112016.nsf/Apleno/B6DF44218707A51D052589100050F139/$FILE/Asis_OFICIAL_28-11-2022.pdf,d1cdd665-7b49-5031-b84f-73934997fbca.pdf
Congreso de la República - Periodo Parlamentario 2021 - 2026,Período Anual de Sesiones 2022 - 2023,Primera Legislatura Ordinaria,Asistencia a la sesión del 20-09-2022 (Sesión Solemne),https://www2.congreso.gob.pe/Sicr/RelatAgenda/PlenoComiPerm20112016.nsf/Apleno/2A5869BE1366373C052588C3006B9A80/$FILE/Asis_OFICIAL_20-09-22_Sesión_Solemne_Bicentenario.pdf,c1acfc30-fb5b-5a79-b292-b2ad5950a893.pdf
Congreso de la República - Periodo Parlamentario 2021 - 2026,Período Anual de Sesiones 2022 - 2023,Primera Legislatura Ordinaria,Asistencia de la sesión del 12-09-2022,https://www2.congreso.gob.pe/Sicr/RelatAgenda/PlenoComiPerm20112016.nsf/Apleno/92605D6D2BC5EB14052588BC006EA675/$FILE/Asis_OFICIAL_12-09-22_Elección_Pdte.pdf,c40632e3-64a3-5ceb-ab91-e5d36a917c8b.pdf
Congreso de la República - Periodo Parlamentario 2021 - 2026,Período Anual de Sesiones 2022 - 2023,Primera Legislatura Ordinaria,Asistencia de la sesión del 18-08-2022,https://www2.congreso.gob.pe/Sicr/RelatAgenda/PlenoComiPerm20112016.nsf/Apleno/383A2010518496F2052588A3005CE491/$FILE/Asis_OFICIAL_18-08-2022.pdf,4e7671f8-9d18-5a3f-84c6-212b99de8fa5.pdf
Congreso de la República - Periodo Parlamentario 2021 - 2026,Período Anual de Sesiones 2022 - 2023,Primera Legislatura Ordinaria,Asistencia a la sesión del 28-07-2022 (Sesión Solemne),https://www2.congreso.gob.pe/Sicr/RelatAgenda/PlenoComiPerm20112016.nsf/Apleno/DB0C352383960F690525888F0064A990/$FILE/Asis_OFICIAL_28-07-2022.pdf,9f15786f-f75a-5218-9daa-2123349aec70.pdf
Congreso de la República - Periodo Parlamentario 2021 - 2026,Período Anual de Sesiones 2022 - 2023,Asistencia de la sesión del 27-07-2022 (Sesión de Instalación de la Legislatura 2022 - 2023),Asistencia de la sesión del 27-07-2022 (Sesión de Instalación de la Legislatura 2022 - 2023),https://www2.congreso.gob.pe/Sicr/RelatAgenda/PlenoComiPerm20112016.nsf/Apleno/A18B420A9F3DC3000525888F0064907B/$FILE/Asis_OFICIAL_27-07-2022.pdf,325e2e20-be62-58c4-a335-44c2e12bad9f.pdf
Congreso de la República - Periodo Parlamentario 2021 - 2026,Período Anual de Sesiones 2021 - 2022,Segunda Legislatura Ordinaria,Asistencia de la sesión del 26-07-2022 Elección de la Mesa Directiva,https://www2.congreso.gob.pe/Sicr/RelatAgenda/PlenoComiPerm20112016.nsf/Apleno/697D4E4503AF347B0525888C0052D0E0/$FILE/Asis_OFICIAL_26-07-22.pdf,6bf5f43e-1a39-5f5f-ae3a-e80096cdfb25.pdf
Congreso de la República - Periodo Parlamentario 2021 - 2026,Período Anual de Sesiones 2021 - 2022,Segunda Legislatura Ordinaria,Asistencia de la sesión del 15-03-2022,https://www2.congreso.gob.pe/Sicr/RelatAgenda/PlenoComiPerm20112016.nsf/Apleno/310698C104C79CEB05258807007B19D9/$FILE/Asis_OFICIAL_15-03-22.pdf,0dc1990c-45f1-5744-8cb8-b010517417fc.pdf
Congreso de la República - Periodo Parlamentario 2021 - 2026,Período Anual de Sesiones 2021 - 2022,Primera Legislatura Ordinaria,Asistencia de la sesión del 24-11-2021,https://www2.congreso.gob.pe/Sicr/RelatAgenda/PlenoComiPerm20112016.nsf/Apleno/BFB89714028B6CB30525879C005DBE47/$FILE/Asis_OFICIAL_24-11-2021.pdf,231db9e7-35c6-590b-b6c5-9dbed58f0e86.pdf
Congreso de la República - Periodo Parlamentario 2021 - 2026,Período Anual de Sesiones 2021 - 2022,Primera Legislatura Ordinaria,Asistencia a la sesión del 25-10-2021,https://www2.congreso.gob.pe/Sicr/RelatAgenda/PlenoComiPerm20112016.nsf/Apleno/F9A2587A063D3B4305258782006B5CF8/$FILE/Asis_OFICIAL-25-10-21.pdf,d2ceda89-7599-54fc-a7a3-febb07e5e2ca.pdf
Congreso de la República - Periodo Parlamentario 2021 - 2026,Período Anual de Sesiones 2021 - 2022,Primera Legislatura Ordinaria,Asistencia a la sesión solemne del 06-10-2021,https://www2.congreso.gob.pe/Sicr/RelatAgenda/PlenoComiPerm20112016.nsf/Apleno/4E2FEBB066F88F9405258767005BF0A6/$FILE/Asis-OFICIAL-06-10-2021.pdf,380b593c-9432-5f0a-b729-6c9ada76695d.pdf
Congreso de la República - Periodo Parlamentario 2021 - 2026,Período Anual de Sesiones 2021 - 2022,Primera Legislatura Ordinaria,Asistencia a la sesión del 30-09-2021,https://www2.congreso.gob.pe/Sicr/RelatAgenda/PlenoComiPerm20112016.nsf/Apleno/9FF4724EFAD0845B05258767005BDD76/$FILE/Asis-OFICIAL-30-09-2021.pdf,b571adcc-79fd-53b3-9142-9c92ed3a4687.pdf
Congreso de la República - Periodo Parlamentario 2021 - 2026,Período Anual de Sesiones 2021 - 2022,Primera Legislatura Ordinaria,Asistencia a la sesión solemne por el 199° Aniversario del Parlamento Nacional,https://www2.congreso.gob.pe/Sicr/RelatAgenda/PlenoComiPerm20112016.nsf/Apleno/B869E4AEB9EBF0B205258752007B04AE/$FILE/Asis_OFICIAL_Ses_Solemne_16-06-2021.pdf,a5f9b1e3-a9d6-5e54-94c6-b5fd09692d03.pdf
Congreso de la República - Periodo Parlamentario 2021 - 2026,Período Anual de Sesiones 2021 - 2022,Primera Legislatura Ordinaria,Asistencia a la sesión extraordinaria del 02-09-2021,https://www2.congreso.gob.pe/Sicr/RelatAgenda/PlenoComiPerm20112016.nsf/Apleno/DC1D57937F2AB9C60525874F005359D6/$FILE/Asis_OFICIAL_02-09-21.pdf,c975d4dc-4cdc-5909-8329-0edff2090c84.pdf
Congreso de la República - Periodo Parlamentario 2021 - 2026,Período Anual de Sesiones 2021 - 2022,Primera Legislatura Ordinaria,Asistencias y votación de la sesión del 27-08-2021,https://www2.congreso.gob.pe/Sicr/RelatAgenda/PlenoComiPerm20112016.nsf/Apleno/C0251A62DAFA4B51052587480056EC8A/$FILE/Asis-vot-OFICIAL-27-08-21.pdf,9f102134-71f5-5c12-892d-d7be9cb82751.pdf
Congreso de la República - Periodo Parlamentario 2021 - 2026,Período Anual de Sesiones 2021 - 2022,Primera Legislatura Ordinaria,Asistencia a la sesión del 26-08-2021,https://www2.congreso.gob.pe/Sicr/RelatAgenda/PlenoComiPerm20112016.nsf/Apleno/97242E4D06BBCA590525874F005233FD/$FILE/Asis-OFICIAL-26-08-2021.pdf,d997647e-0778-5697-bed2-294d96bcc902.pdf
Congreso de la República - Periodo Parlamentario 2021 - 2026,Período Anual de Sesiones 2021 - 2022,Primera Legislatura Ordinaria,Asistencia a la sesión solemne del 28-07-2021,https://www2.congreso.gob.pe/Sicr/RelatAgenda/PlenoComiPerm20112016.nsf/Apleno/66D71D5023DE4B15052587330075AB83/$FILE/Asis-OFICIAL-28-07-21.pdf,db02f8c7-ab8f-5aa7-88ed-1768badac1af.pdf
Congreso de la República - Periodo Parlamentario 2021 - 2026,Período Anual de Sesiones 2021 - 2022,Primera Legislatura Ordinaria,Asistencia a la sesión del 27-07-2021,https://www2.congreso.gob.pe/Sicr/RelatAgenda/PlenoComiPerm20112016.nsf/Apleno/DF7507B9658C696A0525873300768E94/$FILE/Asis-OFICIAL-27-07-21.pdf,a1e051b9-2045-56fb-b6fd-63fb7826172d.pdf
Congreso de la República - Periodo Parlamentario 2021 - 2026,Período Anual de Sesiones 2021 - 2022,Primera Legislatura Ordinaria,Asistencia y votación de la sesión del 26-07-2021,https://www2.congreso.gob.pe/Sicr/RelatAgenda/PlenoComiPerm20112016.nsf/Apleno/15E10BDEB4CB1A74052587330076502C/$FILE/Asis-vot-OFICIAL-26-07-21.pdf,826477e6-9344-5ce6-8696-5d543c3df3f8.pdf
Congreso de la República - Periodo Parlamentario 2021 - 2026,Período Anual de Sesiones 2021 - 2022,Primera Legislatura Ordinaria,Asistencia a la sesión del 23-07-2021,https://www2.congreso.gob.pe/Sicr/RelatAgenda/PlenoComiPerm20112016.nsf/Apleno/803B61397F97D9D705258733007603C0/$FILE/Asis-OFICIAL-23-07-21.pdf,0d1c0b90-3e54-5536-8b80-b97175394b01.pdf
Congreso de la República - Periodo Parlamentario 2016 - 2021,Período Anual de Sesiones 2021 - 2022,Tercera Legislatura Ordinaria,Asistencia a la sesión del 20-03-2021,https://www2.congreso.gob.pe/Sicr/RelatAgenda/PlenoComiPerm20112016.nsf/Apleno/778175A807D20918052586B200706A0A/$FILE/Asistencia-OFICIAL-20-03-2021.pdf,cf74353b-1497-54cd-b0ec-eecf8e1b1836.pdf
Congreso de la República - Periodo Parlamentario 2016 - 2021,Período Anual de Sesiones 2021 - 2022,Tercera Legislatura Ordinaria,Asistencia de la sesión del 17-03-2021,https://www2.congreso.gob.pe/Sicr/RelatAgenda/PlenoComiPerm20112016.nsf/Apleno/D14055E12F6C87D10525869C0003CC4C/$FILE/Asis-OFICIAL-17-03-2021.pdf,b836210b-2bf1-5496-b4fd-a59f4b815e17.pdf
Congreso de la República - Periodo Parlamentario 2016 - 2021,Período Anual de Sesiones 2021 - 2022,Tercera Legislatura Ordinaria,Asistencia a la sesión del 10-03-2021,https://www2.congreso.gob.pe/Sicr/RelatAgenda/PlenoComiPerm20112016.nsf/Apleno/9B61FA2F400464990525869900646CDD/$FILE/Asis-OFICIAL-10-3-21.pdf,f97207f1-9e2e-5f6e-a7c6-fa5dadd99e18.pdf
Congreso de la República - Periodo Parlamentario 2016 - 2021,Período Anual de Sesiones 2021 - 2022,Tercera Legislatura Ordinaria,Asistencia y votaciones de la sesión del 04-02-2021,https://www2.congreso.gob.pe/Sicr/RelatAgenda/PlenoComiPerm20112016.nsf/Apleno/350CBD67594F248F052586A1006EE7E1/$FILE/Asis-vot-OFICIAL-04-02-21-Color.pdf,b92eb020-a73a-5b0b-8ae6-272e6998759b.pdf
Congreso de la República - Periodo Parlamentario 2016 - 2021,Período Anual de Sesiones 2021 - 2022,Segunda Legislatura Ordinaria,Asistencia y votaciones de la sesión del 30-12-2020,https://www2.congreso.gob.pe/Sicr/RelatAgenda/PlenoComiPerm20112016.nsf/Apleno/582019962C276C790525866F007164CB/$FILE/Asis-vot-OFICIAL-30-12-20.pdf,aaab3be9-5fc9-5285-8541-ef28fa670c65.pdf
Congreso de la República - Periodo Parlamentario 2016 - 2021,Período Anual de Sesiones 2021 - 2022,Segunda Legislatura Ordinaria,Asistencia y votaciones de la sesión del 29-12-2020,https://www2.congreso.gob.pe/Sicr/RelatAgenda/PlenoComiPerm20112016.nsf/Apleno/463659A26F14C0AA0525865E00532DA1/$FILE/Asis-vot-OFICIAL-29-12-20.pdf,2d19c018-357a-5a2c-b373-567328de50ec.pdf
Congreso de la República - Periodo Parlamentario 2016 - 2021,Período Anual de Sesiones 2021 - 2022,Segunda Legislatura Ordinaria,Asistencia y votaciones de la sesión del 28-12-2020,https://www2.congreso.gob.pe/Sicr/RelatAgenda/PlenoComiPerm20112016.nsf/Apleno/BA658F82435C4F760525866F007150EF/$FILE/Asis-vot-OFICIAL-28-12-20.pdf,c885d642-ffc4-5f85-a872-209f93c59b65.pdf
Congreso de la República - Periodo Parlamentario 2016 - 2021,Período Anual de Sesiones 2021 - 2022,Segunda Legislatura Ordinaria,Asistencia y votaciones de la sesión del 22-12-2020|,https://www2.congreso.gob.pe/Sicr/RelatAgenda/PlenoComiPerm20112016.nsf/Apleno/C86C72B2BC6E61090525865E0052F527/$FILE/Asis-vot-OFICIAL-22-12-20.pdf,915797e2-0957-5ef5-858b-083fff12c17b.pdf
Congreso de la República - Periodo Parlamentario 2016 - 2021,Período Anual de Sesiones 2021 - 2022,Segunda Legislatura Ordinaria,Asistencia y votaciones de la sesión del 20-12-2020,https://www2.congreso.gob.pe/Sicr/RelatAgenda/PlenoComiPerm20112016.nsf/Apleno/A51113DACA56F6A80525865E0052E01E/$FILE/Asis-vot-OFICIAL-20-12-20.pdf,c86c33e3-5742-59e5-9cbd-dea546841b97.pdf
Congreso de la República - Periodo Parlamentario 2016 - 2021,Período Anual de Sesiones 2021 - 2022,Segunda Legislatura Ordinaria,Asistencia y votaciones de la sesión del 19-12-2020,https://www2.congreso.gob.pe/Sicr/RelatAgenda/PlenoComiPerm20112016.nsf/Apleno/3763D2434D5BBFC90525865E0052C659/$FILE/Asis-vot-OFICIAL-19-12-20.pdf,e9b39ea0-9791-566e-86dd-e2b8f780e9fc.pdf
Congreso de la República - Periodo Parlamentario 2016 - 2021,Período Anual de Sesiones 2021 - 2022,Segunda Legislatura Ordinaria,Asistencia y votaciones de la sesión del 12-12-2020,https://www2.congreso.gob.pe/Sicr/RelatAgenda/PlenoComiPerm20112016.nsf/Apleno/F79B101D27DB5D200525865E0052A607/$FILE/Asis-vot-OFICIAL-12-12-2020.pdf,250384f1-d110-5e97-bcc1-b96d6eb5f354.pdf
Congreso de la República - Periodo Parlamentario 2016 - 2021,Período Anual de Sesiones 2021 - 2022,Segunda Legislatura Ordinaria,Asistencia y votaciones de la sesión del 11-12-2020,https://www2.congreso.gob.pe/Sicr/RelatAgenda/PlenoComiPerm20112016.nsf/Apleno/A59E0861F5D341330525865D00791BD6/$FILE/Asis-vot-OFICIAL-11-12-2020.pdf,decbd016-fe41-51c5-959d-87b09172116d.pdf
Congreso de la República - Periodo Parlamentario 2016 - 2021,Período Anual de Sesiones 2021 - 2022,Segunda Legislatura Ordinaria,Asistencia y votaciones de la sesión del 10-12-2020,https://www2.congreso.gob.pe/Sicr/RelatAgenda/PlenoComiPerm20112016.nsf/Apleno/83BE7504C901D4A0052586530070CA36/$FILE/Asis-vot-OFICIAL-10-12-2020.pdf,c5a56a3d-962d-52a0-9ea8-560b94e78e18.pdf
Congreso de la República - Periodo Parlamentario 2016 - 2021,Período Anual de Sesiones 2021 - 2022,Segunda Legislatura Ordinaria,Asistencia y votaciones de la sesión del 09-11-2020,https://www2.congreso.gob.pe/Sicr/RelatAgenda/PlenoComiPerm20112016.nsf/Apleno/40FF5A1281F56C760525865D0079347A/$FILE/Asis-vot-OFICIAL-09-12-2020.pdf,2653dbc1-7f51-556b-8580-c2874ebcbb6f.pdf
Congreso de la República - Periodo Parlamentario 2016 - 2021,Período Anual de Sesiones 2021 - 2022,Segunda Legislatura Ordinaria,Asistencia y votaciones de la sesión del 04-12-2020,https://www2.congreso.gob.pe/Sicr/RelatAgenda/PlenoComiPerm20112016.nsf/Apleno/10DF2DE727358ECE052586580010E5A8/$FILE/Asis-vot-OFICIAL-04-12-20.pdf,8a2a2f5a-70e3-5b73-a6a4-99db0fe59010.pdf
Congreso de la República - Periodo Parlamentario 2016 - 2021,Período Anual de Sesiones 2021 - 2022,Segunda Legislatura Ordinaria,Asistencia y votaciones de la sesión del 03-12-2020,https://www2.congreso.gob.pe/Sicr/RelatAgenda/PlenoComiPerm20112016.nsf/Apleno/F106494B60F5EFD9052586580010D42B/$FILE/Asis-vot-OFICIAL-03-12-20.pdf,4dbfe5fd-92f5-5f9f-bb07-4a1079ab1c39.pdf
Congreso de la República - Periodo Parlamentario 2016 - 2021,Período Anual de Sesiones 2021 - 2022,Segunda Legislatura Ordinaria,Asistencia y votaciones de la sesión del 02-12-2020,https://www2.congreso.gob.pe/Sicr/RelatAgenda/PlenoComiPerm20112016.nsf/Apleno/8A2F03EDF3EDB57E052586580010C6F5/$FILE/Asis-vot-OFICIAL-02-12-20.pdf,08ac59db-7d13-50da-9105-37ed8dffd655.pdf
Congreso de la República - Periodo Parlamentario 2016 - 2021,Período Anual de Sesiones 2021 - 2022,Segunda Legislatura Ordinaria,Asistencia y votaciones de la sesión del 29-11-2020,https://www2.congreso.gob.pe/Sicr/RelatAgenda/PlenoComiPerm20112016.nsf/Apleno/6FAAE6DC212492B6052586580010B2C9/$FILE/Asis-vot-OFICIAL-29-11-20.pdf,b9855784-146a-5bee-b3f6-92ef52f345a0.pdf
Congreso de la República - Periodo Parlamentario 2016 - 2021,Período Anual de Sesiones 2021 - 2022,Segunda Legislatura Ordinaria,Asistencia de la sesión del 28-11-2020,https://www2.congreso.gob.pe/Sicr/RelatAgenda/PlenoComiPerm20112016.nsf/Apleno/7EFA371E02B8E15C052586580010A616/$FILE/Asis-OFICIAL-28-11-20.pdf,9e41d26a-2eda-5f04-8a87-bf7b1bd5f1e3.pdf
Congreso de la República - Periodo Parlamentario 2016 - 2021,Período Anual de Sesiones 2021 - 2022,Segunda Legislatura Ordinaria,Asistencia de la sesión del 27-11-2020,https://www2.congreso.gob.pe/Sicr/RelatAgenda/PlenoComiPerm20112016.nsf/Apleno/3F2930BB449D41540525865800110CB6/$FILE/Asis-OFICIAL-27-11-2020.pdf,e7b3d2ac-c4a9-54e4-b409-899063b8d6ed.pdf
Congreso de la República - Periodo Parlamentario 2016 - 2021,Período Anual de Sesiones 2021 - 2022,Segunda Legislatura Ordinaria,Asistencia y votaciones de la sesión del 26-11-2020,https://www2.congreso.gob.pe/Sicr/RelatAgenda/PlenoComiPerm20112016.nsf/Apleno/1A36D16A81A74E790525865800108B4B/$FILE/Asis-vot-OFICIAL-26-11-20.pdf,d2dda6fb-af7d-5c2f-8b21-2373723de928.pdf
Congreso de la República - Periodo Parlamentario 2016 - 2021,Período Anual de Sesiones 2021 - 2022,Segunda Legislatura Ordinaria,Asistencia y votaciones de la sesión del 25-11-2020,https://www2.congreso.gob.pe/Sicr/RelatAgenda/PlenoComiPerm20112016.nsf/Apleno/2E7957FDA04790470525865800107B81/$FILE/Asis-vot-OFICIAL-25-11-20.pdf,5bee1735-a00c-54e6-90e8-49d2ade0c387.pdf
Congreso de la República - Periodo Parlamentario 2016 - 2021,Período Anual de Sesiones 2021 - 2022,Segunda Legislatura Ordinaria,Asistencia de la sesión solemne del 17-11-2020,https://www2.congreso.gob.pe/Sicr/RelatAgenda/PlenoComiPerm20112016.nsf/Apleno/60C15367F2F9767A0525862A005DDAE1/$FILE/Asis-OFICIAL-17-11-20.pdf,ac745d31-0513-579c-9446-f811ee6c777e.pdf
Congreso de la República - Periodo Parlamentario 2016 - 2021,Período Anual de Sesiones 2021 - 2022,Segunda Legislatura Ordinaria,Asistencia y votación de la sesión del 16 -11-2020 Elección de la Mesa Directiva,https://www2.congreso.gob.pe/Sicr/RelatAgenda/PlenoComiPerm20112016.nsf/Apleno/49CA5D18678F945D0525862A005DBE9C/$FILE/Asis-OFICIAL-16-11-2020-Elecc-MD.pdf,25968b55-1959-5c94-a98c-f590e9525c1b.pdf
Congreso de la República - Periodo Parlamentario 2016 - 2021,Período Anual de Sesiones 2021 - 2022,Segunda Legislatura Ordinaria,Asistencia y votación de la sesión del 15-11-2020 Elección de la Mesa Directiva,https://www2.congreso.gob.pe/Sicr/RelatAgenda/PlenoComiPerm20112016.nsf/Apleno/4C370B982CFEFA5D0525862A005DA083/$FILE/Asis-vot-OFICIAL-15-11-2020-Sesion-2-Elec-de-MD.pdf,5b4e120a-72bf-582b-b2d0-c3979bcf3672.pdf
Congreso de la República - Periodo Parlamentario 2016 - 2021,Período Anual de Sesiones 2021 - 2022,Segunda Legislatura Ordinaria,Asistencia y votaciones de la sesión del 15-11-2020,https://www2.congreso.gob.pe/Sicr/RelatAgenda/PlenoComiPerm20112016.nsf/Apleno/FA090F731B9788CF05258639004A501F/$FILE/Asis-vot-OFICIAL-15-11-2020-Sesion-1.pdf,6416d3af-2825-51bc-9230-06512788db84.pdf
Congreso de la República - Periodo Parlamentario 2016 - 2021,Período Anual de Sesiones 2021 - 2022,Segunda Legislatura Ordinaria,Asistencia de la sesión solemne del 10-11-2020,https://www2.congreso.gob.pe/Sicr/RelatAgenda/PlenoComiPerm20112016.nsf/Apleno/1A26C6821CC7D4A10525862A005D741C/$FILE/Asis-OFICIAL-10-11-2020.pdf,c53fbe49-6cd6-56ac-83e8-2d949ba25f30.pdf
Congreso de la República - Periodo Parlamentario 2016 - 2021,Período Anual de Sesiones 2021 - 2022,Segunda Legislatura Ordinaria,Asistencia y votación de la sesión del 09-11-2020,https://www2.congreso.gob.pe/Sicr/RelatAgenda/PlenoComiPerm20112016.nsf/Apleno/98CE7E2C7E59064305258631005F48B2/$FILE/Asis-vot-OFICIAL-09-11-2020.pdf,3be27821-9504-5803-a69e-8fac9afb61dd.pdf
Congreso de la República - Periodo Parlamentario 2016 - 2021,Período Anual de Sesiones 2021 - 2022,Segunda Legislatura Ordinaria,Asistencia y votaciones de la sesión del 02-11-2020,https://www2.congreso.gob.pe/Sicr/RelatAgenda/PlenoComiPerm20112016.nsf/Apleno/1B98BB81F3B8D20D0525862300703004/$FILE/Asis-vot-OFICIAL-02-11-20.pdf,ebc86158-5905-5313-ae79-f1ff1440356b.pdf
Congreso de la República - Periodo Parlamentario 2016 - 2021,Período Anual de Sesiones 2021 - 2022,Segunda Legislatura Ordinaria,Asistencia y votaciones de la sesión del 23-10-2020,https://www2.congreso.gob.pe/Sicr/RelatAgenda/PlenoComiPerm20112016.nsf/Apleno/5FCABEB509A1A39A05258623007013D3/$FILE/Asis-vot-OFICIAL-23-10-20.pdf,d4924a7f-d2d3-51ad-a987-786f580f7f34.pdf
Congreso de la República - Periodo Parlamentario 2016 - 2021,Período Anual de Sesiones 2021 - 2022,Segunda Legislatura Ordinaria,Asistencia y votaciones de la sesión del 22-10-2020,https://www2.congreso.gob.pe/Sicr/RelatAgenda/PlenoComiPerm20112016.nsf/Apleno/F682164A42CA152105258623006FF0B6/$FILE/Asis-vot-OFICIAL-22-10-20.pdf,581bc806-1f94-529b-a08b-b9752823902a.pdf
Congreso de la República - Periodo Parlamentario 2016 - 2021,Período Anual de Sesiones 2021 - 2022,Segunda Legislatura Ordinaria,Asistencia y votaciones de la sesión del 20-10-2020,https://www2.congreso.gob.pe/Sicr/RelatAgenda/PlenoComiPerm20112016.nsf/Apleno/042F3C49A4AC662705258623006FD581/$FILE/Asis-vot-OFICIAL-20-10-2020.pdf,18c6b601-a2d9-54af-aa99-ed547b3ef796.pdf
Congreso de la República - Periodo Parlamentario 2016 - 2021,Período Anual de Sesiones 2021 - 2022,Segunda Legislatura Ordinaria,Asistencia y votaciones de la sesión del 19-10-2020,https://www2.congreso.gob.pe/Sicr/RelatAgenda/PlenoComiPerm20112016.nsf/Apleno/DEC9BEDAA63B8C420525861E004F69CF/$FILE/Asis-vot-OFICIAL-19-10-20.pdf,09c75fe6-ce61-551d-a722-1965d0d4907a.pdf
Congreso de la República - Periodo Parlamentario 2016 - 2021,Período Anual de Sesiones 2021 - 2022,Segunda Legislatura Ordinaria,Votaciones de la sesión del 16-10-2020,https://www2.congreso.gob.pe/Sicr/RelatAgenda/PlenoComiPerm20112016.nsf/Apleno/DBE88A037C39C0700525861D0051B618/$FILE/Votaciones-OFICIAL-16-10-2020.pdf,4845b707-bd3a-5afe-8e79-b610eba1fcc8.pdf
Congreso de la República - Periodo Parlamentario 2016 - 2021,Período Anual de Sesiones 2021 - 2022,Segunda Legislatura Ordinaria,Asistencia y votaciones de la sesión del 15-10-2020,https://www2.congreso.gob.pe/Sicr/RelatAgenda/PlenoComiPerm20112016.nsf/Apleno/B649B7839355310D0525861D0051A202/$FILE/Asis-vot-OFICIAL-15-10-20.pdf,40a342e8-5e5d-5186-96d0-b2d75300f09d.pdf
Congreso de la República - Periodo Parlamentario 2016 - 2021,Período Anual de Sesiones 2021 - 2022,Segunda Legislatura Ordinaria,Asistencia y votaciones de la sesión del 08-10-2020,https://www2.congreso.gob.pe/Sicr/RelatAgenda/PlenoComiPerm20112016.nsf/Apleno/2A688753B2DED4390525860A00088B95/$FILE/Asis-vot-OFICIAL-08-10-20.pdf,8eab5381-6b31-5760-850c-3e56b340c24b.pdf
Congreso de la República - Periodo Parlamentario 2016 - 2021,Período Anual de Sesiones 2021 - 2022,Segunda Legislatura Ordinaria,Asistencia y votaciones de la sesión del 02-10-2020,https://www2.congreso.gob.pe/Sicr/RelatAgenda/PlenoComiPerm20112016.nsf/Apleno/3737512761B8C9250525861000585FDE/$FILE/Asis-vot-OFICIAL-02-10-20.pdf,69624dda-e3d4-5164-bfdb-5d532033bd59.pdf
Congreso de la República - Periodo Parlamentario 2016 - 2021,Período Anual de Sesiones 2021 - 2022,Segunda Legislatura Ordinaria,Asistencia y votaciones de la sesión del 01-10-2020,https://www2.congreso.gob.pe/Sicr/RelatAgenda/PlenoComiPerm20112016.nsf/Apleno/DFCEF95C388FDA580525860D00725E9F/$FILE/Asis-vot-OFICIAL-01-10-20.pdf,98f54f05-a925-58fd-9da7-a679f47afaed.pdf
Congreso de la República - Periodo Parlamentario 2016 - 2021,Período Anual de Sesiones 2021 - 2022,Segunda Legislatura Ordinaria,Asistencia y votaciones de la sesión del 18-09-2020,https://www2.congreso.gob.pe/Sicr/RelatAgenda/PlenoComiPerm20112016.nsf/Apleno/B2D7B0D86192AD5205258604000F65F0/$FILE/Asis-vot-OFICIAL-18-09-20.pdf,416e8e1f-91e7-5280-89d6-40b535b600fa.pdf
Congreso de la República - Periodo Parlamentario 2016 - 2021,Período Anual de Sesiones 2021 - 2022,Segunda Legislatura Ordinaria,Asistencia a la sesión solemne del 17-09-2020,https://www2.congreso.gob.pe/Sicr/RelatAgenda/PlenoComiPerm20112016.nsf/Apleno/AB28CFE8089A603E05258603006B4ADE/$FILE/1-Asis-SesSolemne-OFICIAL-17-09-20.pdf,c3e97e8b-d98a-57e2-9d0b-6deede9881e6.pdf
Congreso de la República - Periodo Parlamentario 2016 - 2021,Período Anual de Sesiones 2021 - 2022,Segunda Legislatura Ordinaria,Asistencia y votaciones de la sesión del 17-09-2020,https://www2.congreso.gob.pe/Sicr/RelatAgenda/PlenoComiPerm20112016.nsf/Apleno/56A2B6067D4734CD05258603006B6E0C/$FILE/Asis-vot-OFICIAL-17-09-20.pdf,fdf49498-ea8d-5610-963a-5b6fb5342191.pdf
Congreso de la República - Periodo Parlamentario 2016 - 2021,Período Anual de Sesiones 2021 - 2022,Segunda Legislatura Ordinaria,Asistencia y votaciones de la sesión del 15-09-2020,https://www2.congreso.gob.pe/Sicr/RelatAgenda/PlenoComiPerm20112016.nsf/Apleno/10B846D047A716FF05258604000F5273/$FILE/Asis-vot-OFICIAL-15-09-2020.pdf,181e29c6-7612-510b-841f-efd57b21cd79.pdf
Congreso de la República - Periodo Parlamentario 2016 - 2021,Período Anual de Sesiones 2021 - 2022,Segunda Legislatura Ordinaria,Asistencia y votaciones de la sesión del 14-09-2020,https://www2.congreso.gob.pe/Sicr/RelatAgenda/PlenoComiPerm20112016.nsf/Apleno/D227AAFC21321E5605258603006B254D/$FILE/Asis-vot-OFICIAL-14-09-20.pdf,73046b54-37bb-58ce-846b-c3d1c24a3075.pdf
Congreso de la República - Periodo Parlamentario 2016 - 2021,Período Anual de Sesiones 2021 - 2022,Segunda Legislatura Ordinaria,Asistencia y votaciones de la sesión del 11-09-2020,https://www2.congreso.gob.pe/Sicr/RelatAgenda/PlenoComiPerm20112016.nsf/Apleno/D90A166149E88538052585F30058CFE7/$FILE/11-09-2020.pdf,47fea694-a7e8-561e-985a-ba2931eff63a.pdf
Congreso de la República - Periodo Parlamentario 2016 - 2021,Período Anual de Sesiones 2021 - 2022,Segunda Legislatura Ordinaria,Asistencia a la sesión del 10-09-2020,https://www2.congreso.gob.pe/Sicr/RelatAgenda/PlenoComiPerm20112016.nsf/Apleno/4337FA585CFC3147052585EC00780780/$FILE/Asis-OFICIAL-10-09-2020.pdf,4af42536-5bee-55b7-8867-8493a64321e4.pdf
Congreso de la República - Periodo Parlamentario 2016 - 2021,Período Anual de Sesiones 2021 - 2022,Segunda Legislatura Ordinaria,Asistencia y votaciones de la sesión del 07-09-2020,https://www2.congreso.gob.pe/Sicr/RelatAgenda/PlenoComiPerm20112016.nsf/Apleno/329F75B23B4961AC052585F30058B47C/$FILE/07-09-2020.pdf,e77acde5-a7a8-58f5-9947-12933f67893c.pdf
Congreso de la República - Periodo Parlamentario 2016 - 2021,Período Anual de Sesiones 2021 - 2022,Segunda Legislatura Ordinaria,Asistencia y votaciones de la sesión del 05-09-2020,https://www2.congreso.gob.pe/Sicr/RelatAgenda/PlenoComiPerm20112016.nsf/Apleno/7AC84E065024F1E2052585F3005825F1/$FILE/05-09-2020.pdf,5f270e02-6f0f-5825-9a80-1f1a2fee8592.pdf
Congreso de la República - Periodo Parlamentario 2016 - 2021,Período Anual de Sesiones 2021 - 2022,Segunda Legislatura Ordinaria,Asistencia de la sesión del 04-09-2020,https://www2.congreso.gob.pe/Sicr/RelatAgenda/PlenoComiPerm20112016.nsf/Apleno/DF7CC592ADB47592052585E4000E5CD7/$FILE/Asis-OFICIAL-04-09-20.pdf,fcbcf67c-2603-5c03-8ca6-b06567a84818.pdf
Congreso de la República - Periodo Parlamentario 2016 - 2021,Período Anual de Sesiones 2021 - 2022,Segunda Legislatura Ordinaria,Asistencia a la sesión del 02-09-2020,https://www2.congreso.gob.pe/Sicr/RelatAgenda/PlenoComiPerm20112016.nsf/Apleno/325BE4EEECBF89B0052585E4000E4D67/$FILE/Asis-OFICIAL-02-09-20.pdf,6f343fbf-154a-5acc-899b-3a7f53a3e4fa.pdf
Congreso de la República - Periodo Parlamentario 2016 - 2021,Período Anual de Sesiones 2021 - 2022,Segunda Legislatura Ordinaria,Asistencia y votaciones de la sesión del 24-08-2020,https://www2.congreso.gob.pe/Sicr/RelatAgenda/PlenoComiPerm20112016.nsf/Apleno/A59FB18A1D6A918A052585DE0056A3AB/$FILE/Asis-vot-OFICIAL-24-8-2020.pdf,c18d4e05-5aa7-5715-8442-1a1a1d568e5f.pdf
Congreso de la República - Periodo Parlamentario 2016 - 2021,Período Anual de Sesiones 2021 - 2022,Segunda Legislatura Ordinaria,Asistencia y votaciones de la sesión del 21-08-2020,https://www2.congreso.gob.pe/Sicr/RelatAgenda/PlenoComiPerm20112016.nsf/Apleno/718A595DC59D140B052585DE00568419/$FILE/Asis-vot-OFICIAL-21-8-20.pdf,efac66b2-bb38-569b-94b3-000247182ab1.pdf
Congreso de la República - Periodo Parlamentario 2016 - 2021,Período Anual de Sesiones 2021 - 2022,Segunda Legislatura Ordinaria,Asistencia de la sesión del 13-08-2020,https://www2.congreso.gob.pe/Sicr/RelatAgenda/PlenoComiPerm20112016.nsf/Apleno/B178AC6FF0424281052585D100577E11/$FILE/ASIS-OFICIAL-13-08-20.pdf,4133db5f-1374-5765-80e9-b1a9a362ed42.pdf
Congreso de la República - Periodo Parlamentario 2016 - 2021,Período Anual de Sesiones 2021 - 2022,Segunda Legislatura Ordinaria,Asistencia y votación de la sesión del 11-08-2020,https://www2.congreso.gob.pe/Sicr/RelatAgenda/PlenoComiPerm20112016.nsf/Apleno/5E1E5F40384E79BD052585D1007C67A7/$FILE/Asis-vot-OFICIAL-11-08-20.pdf,c988d9f8-4dac-5662-b422-72018a375293.pdf
Congreso de la República - Periodo Parlamentario 2016 - 2021,Período Anual de Sesiones 2021 - 2022,Segunda Legislatura Ordinaria,Asistencia y votaciones de la sesión del 07-08-2020,https://www2.congreso.gob.pe/Sicr/RelatAgenda/PlenoComiPerm20112016.nsf/Apleno/E18FDE5A0422F4EE052585CF007A4C8F/$FILE/Asis-vot-OFICIAL-07-08-2020.pdf,c826ac2b-e5c3-50f1-bf02-1afa388856cc.pdf
Congreso de la República - Periodo Parlamentario 2016 - 2021,Período Anual de Sesiones 2021 - 2022,Segunda Legislatura Ordinaria,Asistencia y votación de la sesión del 03-08-2020,https://www2.congreso.gob.pe/Sicr/RelatAgenda/PlenoComiPerm20112016.nsf/Apleno/536F55185CB2D5CC052585C4005D7F76/$FILE/ASIS-VOT-OFICIAL-03-08-20.pdf,02d109f4-bacf-5f8a-8f5c-b78e1deb7b28.pdf
Congreso de la República - Periodo Parlamentario 2016 - 2021,Período Anual de Sesiones 2021 - 2022,Segunda Legislatura Ordinaria,Asistencia y votaciones de la sesión del 31-07-2020,https://www2.congreso.gob.pe/Sicr/RelatAgenda/PlenoComiPerm20112016.nsf/Apleno/3DC647ECF6ECEF37052585C8005C60A0/$FILE/ASIS-VOT-OFICIAL-31-7-20.pdf,dc8529c5-4c22-5a9f-9a8f-2bc64e3dc814.pdf
Congreso de la República - Periodo Parlamentario 2016 - 2021,Período Anual de Sesiones 2021 - 2022,Segunda Legislatura Ordinaria,Asistencia a la sesión solemne del 28-07-2020,https://www2.congreso.gob.pe/Sicr/RelatAgenda/PlenoComiPerm20112016.nsf/Apleno/F370F74A70CAF474052585C3000FDB6A/$FILE/Asis-OFICIAL-28-Jul.pdf,36411c9f-36d8-5442-9b89-b736f8a927ef.pdf
Congreso de la República - Periodo Parlamentario 2016 - 2021,Período Anual de Sesiones 2021 - 2022,Segunda Legislatura Ordinaria,Asistencia y votación de la sesión descentralizada del 13-07-2020,https://www2.congreso.gob.pe/Sicr/RelatAgenda/PlenoComiPerm20112016.nsf/Apleno/7A521AE4C150ADC3052585C100179047/$FILE/ASIS-Y-VOT-OFICIAL-13-7-20.pdf,97ae1ed2-42cd-5a97-921c-bdf590a9d072.pdf
Congreso de la República - Periodo Parlamentario 2016 - 2021,Período Anual de Sesiones 2021 - 2022,Segunda Legislatura Ordinaria,Asistencia de la sesión de instalación del 06-07-2020,https://www2.congreso.gob.pe/Sicr/RelatAgenda/PlenoComiPerm20112016.nsf/Apleno/E23C075D9AF99717052585AD005A5327/$FILE/Asis-OFICIAL-06-07-20.pdf,993c6835-d8ff-591b-bdd5-43e44d8c19c8.pdf
Congreso de la República - Periodo Parlamentario 2016 - 2021,Período Anual de Sesiones 2021 - 2022,Primera Legislatura Ordinaria,Asistencia y votaciones de la sesión del 05-07-2020,https://www2.congreso.gob.pe/Sicr/RelatAgenda/PlenoComiPerm20112016.nsf/Apleno/B15A659CD01E9DF3052585AD0059F479/$FILE/Asis-vot-OFICIAL-05-07-20.pdf,585849bd-aa88-5aad-a8bb-134d18758eb4.pdf
Congreso de la República - Periodo Parlamentario 2016 - 2021,Período Anual de Sesiones 2021 - 2022,Primera Legislatura Ordinaria,Asistencia y votaciones de la sesión del 03-07-2020,https://www2.congreso.gob.pe/Sicr/RelatAgenda/PlenoComiPerm20112016.nsf/Apleno/954A566B4FF04DFD052585AD0059D1F5/$FILE/Asis-vot-OFICIAL-03-07-20.pdf,a5caa5e4-a13f-5190-8729-98032067cd2e.pdf
Congreso de la República - Periodo Parlamentario 2016 - 2021,Período Anual de Sesiones 2021 - 2022,Primera Legislatura Ordinaria,Asistencia y votaciones de la sesión del 25-06-2020,https://www2.congreso.gob.pe/Sicr/RelatAgenda/PlenoComiPerm20112016.nsf/Apleno/7370076AA6FE7E610525859E0062D70B/$FILE/Asis-vot-OFICIAL-25-06-2020.pdf,3f2014c5-e0d0-5df7-b422-9f0547bab8e9.pdf
Congreso de la República - Periodo Parlamentario 2016 - 2021,Período Anual de Sesiones 2021 - 2022,Primera Legislatura Ordinaria,Asistencia y votaciones de la sesión del 18-06-2020,https://www2.congreso.gob.pe/Sicr/RelatAgenda/PlenoComiPerm20112016.nsf/Apleno/264B7022CD8E82530525859E0062AF2D/$FILE/Asis-vot-OFICIAL-18-06-2020.pdf,bdf5ad3a-5036-5204-8ddc-6c3edd789b78.pdf
Congreso de la República - Periodo Parlamentario 2016 - 2021,Período Anual de Sesiones 2021 - 2022,Primera Legislatura Ordinaria,Asistencia y votaciones de la sesión del 11-06-2020,https://www2.congreso.gob.pe/Sicr/RelatAgenda/PlenoComiPerm20112016.nsf/Apleno/70135FC490EAD4C20525859A007C245F/$FILE/Asis-vot-OFICIAL-11-06-2020.pdf,82f3902e-cf99-5f4b-82a9-c92f3a49853f.pdf
Congreso de la República - Periodo Parlamentario 2016 - 2021,Período Anual de Sesiones 2021 - 2022,Primera Legislatura Ordinaria,Asistencia y votaciones de la sesión del 04-06-2020,https://www2.congreso.gob.pe/Sicr/RelatAgenda/PlenoComiPerm20112016.nsf/Apleno/26A1A39A4E10084305258598005AA5D5/$FILE/Asis-vot-OFICIAL-04-06-2020.pdf,d79858a1-69ab-5d2a-97af-96b2299a3fcf.pdf
Congreso de la República - Periodo Parlamentario 2016 - 2021,Período Anual de Sesiones 2021 - 2022,Primera Legislatura Ordinaria,Asistencia y votación de la sesión del 28-05-2020,https://www2.congreso.gob.pe/Sicr/RelatAgenda/PlenoComiPerm20112016.nsf/Apleno/A45A6AB4AC51906B05258598005A1CDE/$FILE/Asis-vot-OFICIAL-28-5-20.pdf,6ab8ff30-c6f2-59c4-bd72-02e8ed9c68fa.pdf
Congreso de la República - Periodo Parlamentario 2016 - 2021,Período Anual de Sesiones 2021 - 2022,Primera Legislatura Ordinaria,Asistencia y votaciones de la sesión del 22-05-2020,https://www2.congreso.gob.pe/Sicr/RelatAgenda/PlenoComiPerm20112016.nsf/Apleno/2154AC3BE1BD889C0525858300544EB8/$FILE/Asis-vot-OFICIAL-22-05-20.pdf,b4ff36e4-359c-5eb1-9dc6-649eb4dacfc5.pdf
Congreso de la República - Periodo Parlamentario 2016 - 2021,Período Anual de Sesiones 2021 - 2022,Primera Legislatura Ordinaria,Asistencia y votaciones de la sesión del 21-05-2020,https://www2.congreso.gob.pe/Sicr/RelatAgenda/PlenoComiPerm20112016.nsf/Apleno/0AE14168F482979E052585830053B772/$FILE/Asis-vot-OFICIAL-21-05-2020.pdf,e80a7c3e-200f-5122-82c9-a00bc3cffce4.pdf
Congreso de la República - Periodo Parlamentario 2016 - 2021,Período Anual de Sesiones 2021 - 2022,Primera Legislatura Ordinaria,Asistencia y votaciones de la sesión del 16-05-2020,https://www2.congreso.gob.pe/Sicr/RelatAgenda/PlenoComiPerm20112016.nsf/Apleno/93B21A38B5DE5DA6052585F8004DEF2F/$FILE/ASIS-VOT-OFICIAL-16-05-2020.pdf,db612de1-202d-530e-bdd8-37711bbc0f49.pdf
Congreso de la República - Periodo Parlamentario 2016 - 2021,Período Anual de Sesiones 2021 - 2022,Primera Legislatura Ordinaria,Asistencia y votaciones de la sesión del 15-05-2020,https://www2.congreso.gob.pe/Sicr/RelatAgenda/PlenoComiPerm20112016.nsf/Apleno/A3D54CFC4D4EF476052585E00066F3FA/$FILE/ASIS-VOT-OFICIAL-15-05-2020.pdf,7face797-52e6-597f-ae42-32f07503e772.pdf
Congreso de la República - Periodo Parlamentario 2016 - 2021,Período Anual de Sesiones 2021 - 2022,Primera Legislatura Ordinaria,Asistencia y votaciones de la sesión del 14-05-2020,https://www2.congreso.gob.pe/Sicr/RelatAgenda/PlenoComiPerm20112016.nsf/Apleno/3EF49CA02C9ADA33052585E000669CCE/$FILE/ASIS-VOT-OFICIAL-14-05-2020.pdf,2835e28f-463a-52d7-806a-98ce7d4aeaa7.pdf
Congreso de la República - Periodo Parlamentario 2016 - 2021,Período Anual de Sesiones 2021 - 2022,Primera Legislatura Ordinaria,Asistencia y votaciones de la sesión virtual del 07-05-2020,https://www2.congreso.gob.pe/Sicr/RelatAgenda/PlenoComiPerm20112016.nsf/Apleno/AFC6A1F2C10A3FDE052585690004B461/$FILE/Asis-vot-OFICIAL-07-05-2020.pdf,f0d5971b-70f3-5644-ba92-221a10854b72.pdf
Congreso de la República - Periodo Parlamentario 2016 - 2021,Período Anual de Sesiones 2021 - 2022,Primera Legislatura Ordinaria,Asistencia y votación de la sesión del 16-03-2020 - Juramentación e incorporación de los congresistas electos,https://www2.congreso.gob.pe/Sicr/RelatAgenda/PlenoComiPerm20112016.nsf/Apleno/12BF560D22C1AB290525852F00733E1A/$FILE/Asis-vot-OFICIAL--16-03-20.pdf,daac6ed8-abc7-5862-bda0-afe2aac658ab.pdf
Congreso de la República - Periodo Parlamentario 2016 - 2021,Período Anual de Sesiones 2021 - 2022,Primera Legislatura Ordinaria,Asistencia a la sesión del 16-03-2020 - Elección de la Mesa Directiva,https://www2.congreso.gob.pe/Sicr/RelatAgenda/PlenoComiPerm20112016.nsf/Apleno/7015D81B8A6275260525852F007860C7/$FILE/Asis-OFICIAL--16-03-20-Eleccion-Mesa.pdf,d67694c6-be4a-54cc-9709-974ccb02458e.pdf
Congreso de la República - Periodo Parlamentario 2016 - 2021,Período Anual de Sesiones 2021 - 2022,Primera Legislatura Ordinaria,Asistencia y votaciones de la sesión del 21-01-2021,https://www2.congreso.gob.pe/Sicr/RelatAgenda/PlenoComiPerm20112016.nsf/Apleno/0B55C5880127D0050525867A007C6934/$FILE/Asis-vot-OFICIAL-21-01-21.pdf,ef9f91d1-bdb9-5f61-a6a6-701fe22940ae.pdf
Congreso de la República - Periodo Parlamentario 2016 - 2021,Período Anual de Sesiones 2019 - 2020,Primera Legislatura Ordinaria,Asistencia a la sesión extraordinaria del 05-09-2019,https://www2.congreso.gob.pe/Sicr/RelatAgenda/PlenoComiPerm20112016.nsf/Apleno/1CEA162A0EA296580525846D0075329A/$FILE/Asis-OFICIAL-05-09-2019.pdf,ef37e189-26d1-5d34-bd4d-86da16747cd5.pdf
Congreso de la República - Periodo Parlamentario 2016 - 2021,Período Anual de Sesiones 2019 - 2020,Primera Legislatura Ordinaria,Asistencia a la sesión del 02-09-2019,https://www2.congreso.gob.pe/Sicr/RelatAgenda/PlenoComiPerm20112016.nsf/Apleno/56AB6390426D0C500525846D00764D08/$FILE/Asis-OFICIAL-02-09-2019.pdf,9be912cb-d57b-5960-a854-ee96b8694062.pdf
Congreso de la República - Periodo Parlamentario 2016 - 2021,Período Anual de Sesiones 2019 - 2020,Primera Legislatura Ordinaria,Asistencia de la sesión del 14-08-2019,https://www2.congreso.gob.pe/Sicr/RelatAgenda/PlenoComiPerm20112016.nsf/Apleno/6F5A00069E65FC500525845B004FB7CE/$FILE/Asis-OFICIAL-14-08-209.pdf,0098b54b-c0b9-595f-ad0a-5ba7a9526c64.pdf
Congreso de la República - Periodo Parlamentario 2016 - 2021,Período Anual de Sesiones 2019 - 2020,Primera Legislatura Ordinaria,Asistencia a la sesión del 28-07-2019,https://www2.congreso.gob.pe/Sicr/RelatAgenda/PlenoComiPerm20112016.nsf/Apleno/599122B39ED81200052584700071B406/$FILE/Asis-28-07-2019.pdf,332664ad-b6c5-5093-9418-f099faebbdb1.pdf
Congreso de la República - Periodo Parlamentario 2016 - 2021,Período Anual de Sesiones 2019 - 2020,Primera Legislatura Ordinaria,Asistencia a la sesión de instalación del 27-07-2019,https://www2.congreso.gob.pe/Sicr/RelatAgenda/PlenoComiPerm20112016.nsf/Apleno/8CD96A957468F658052584490060AE48/$FILE/Asis-sesión-de-instalación-27-07-2019.pdf,bed5d5cb-0bf1-554d-9e03-477fd13b5c76.pdf
Congreso de la República - Periodo Parlamentario 2016 - 2021,Período Anual de Sesiones 2018 - 2019,Segunda Legislatura Ordinaria,Asistencia a la sesión del 27-07-2019,https://www2.congreso.gob.pe/Sicr/RelatAgenda/PlenoComiPerm20112016.nsf/Apleno/3E06CAFC095A17BE052584490060704B/$FILE/Asis-OFICIAL-27-07-2019.pdf,9bc9cfd0-6ec2-509b-8370-29e5ae9b6810.pdf
Congreso de la República - Periodo Parlamentario 2016 - 2021,Período Anual de Sesiones 2018 - 2019,Segunda Legislatura Ordinaria,Asistencias de la sesión del 09-05-2019,https://www2.congreso.gob.pe/Sicr/RelatAgenda/PlenoComiPerm20112016.nsf/Apleno/27EC5763FB05CF08052583F6007DB787/$FILE/Asis-OFICIAL-09-05-19.pdf,76f3b68a-12b5-57b4-b09d-d8d084a8f50b.pdf
Congreso de la República - Periodo Parlamentario 2016 - 2021,Período Anual de Sesiones 2018 - 2019,Segunda Legislatura Ordinaria,Asistencias de la sesión del 03-05-2019,https://www2.congreso.gob.pe/Sicr/RelatAgenda/PlenoComiPerm20112016.nsf/Apleno/F0E0F8ACC96E845E052583F500045B37/$FILE/Asis-OFICIAL-03-05-2019.pdf,4cd69b78-7992-5a15-8573-69c99f418668.pdf
Congreso de la República - Periodo Parlamentario 2016 - 2021,Período Anual de Sesiones 2018 - 2019,Segunda Legislatura Ordinaria,Asistencias a la sesión del 21-03-2019,https://www2.congreso.gob.pe/Sicr/RelatAgenda/PlenoComiPerm20112016.nsf/Apleno/E5FC1ADA1C4B5D90052583CA006F3CA6/$FILE/Asis-OFICIAL-21-03-19.pdf,1c0aab54-b510-52a9-b9b3-71b9851be3bf.pdf
Congreso de la República - Periodo Parlamentario 2016 - 2021,Período Anual de Sesiones 2018 - 2019,Primera Legislatura Ordinaria,Asistencia de la sesión del 07-01-2019,https://www2.congreso.gob.pe/Sicr/RelatAgenda/PlenoComiPerm20112016.nsf/Apleno/431B7303AFD405F90525837D005B492E/$FILE/Asistencia-OFICIAL-07-01-19.pdf,492fa7a5-e08a-58bf-8718-77a81973a6f8.pdf
Congreso de la República - Periodo Parlamentario 2016 - 2021,Período Anual de Sesiones 2018 - 2019,Primera Legislatura Ordinaria,Asistencia de la sesión del 29-11-2018,https://www2.congreso.gob.pe/Sicr/RelatAgenda/PlenoComiPerm20112016.nsf/Apleno/938D3EBC7970A5FE05258359005048D0/$FILE/Asist-OFICIAL-29-11-18.pdf,618265da-c5e5-5b76-80be-2c1df97ecf30.pdf
Congreso de la República - Periodo Parlamentario 2016 - 2021,Período Anual de Sesiones 2018 - 2019,Primera Legislatura Ordinaria,Asistencias de la sesión del 28-11-2018,https://www2.congreso.gob.pe/Sicr/RelatAgenda/PlenoComiPerm20112016.nsf/Apleno/7535064EFC303F8605258359005038EC/$FILE/Asist-OFICIAL--28-11-18.pdf,629ff7fd-4413-59e0-b874-1ff57c9bcbc8.pdf
Congreso de la República - Periodo Parlamentario 2016 - 2021,Período Anual de Sesiones 2018 - 2019,Primera Legislatura Ordinaria,Asistencias de la sesión del 08-11-2018,https://www2.congreso.gob.pe/Sicr/RelatAgenda/PlenoComiPerm20112016.nsf/Apleno/DA6417A37DB49944052583430059A42A/$FILE/Asis-OFICIAL-08-11-18.pdf,4b0f4f8d-606f-5f46-bab5-b31dcb5a0bd8.pdf
Congreso de la República - Periodo Parlamentario 2016 - 2021,Período Anual de Sesiones 2018 - 2019,Primera Legislatura Ordinaria,Asistencias de la sesión del 07-11-2018,https://www2.congreso.gob.pe/Sicr/RelatAgenda/PlenoComiPerm20112016.nsf/Apleno/1C3A1352FDE51DCE0525834300599515/$FILE/Asis-OFICIAL-07-11-18.pdf,97aa79d0-d87c-52bf-82df-e92174f8b5d6.pdf
Congreso de la República - Periodo Parlamentario 2016 - 2021,Período Anual de Sesiones 2018 - 2019,Primera Legislatura Ordinaria,Asistencia de la Sesión Extraordinaria del Pleno del 6-09-2018,https://www2.congreso.gob.pe/Sicr/RelatAgenda/PlenoComiPerm20112016.nsf/Apleno/5E707322FED1F034052583000070D2D1/$FILE/asistencia-6-9-18.pdf,823067a9-98fc-5061-bd16-dc65c5f4d187.pdf
Congreso de la República - Periodo Parlamentario 2016 - 2021,Período Anual de Sesiones 2018 - 2019,Primera Legislatura Ordinaria,Asistencia de la sesión del 05-09-2018,https://www2.congreso.gob.pe/Sicr/RelatAgenda/PlenoComiPerm20112016.nsf/Apleno/886395029E6BD9810525830700770E6C/$FILE/OFICIAL-asistencia-5-9-18.pdf,81e64fae-31da-5771-b4e8-ff03d436bc60.pdf
Congreso de la República - Periodo Parlamentario 2016 - 2021,Período Anual de Sesiones 2018 - 2019,Primera Legislatura Ordinaria,Asistencia a la sesión del 27-07-2018,https://www2.congreso.gob.pe/Sicr/RelatAgenda/PlenoComiPerm20112016.nsf/Apleno/4FA5240E53D0B3DE052582EF0054ECCE/$FILE/Asistencia-27-07-18.pdf,3d5a6e65-b2b2-5019-9061-d067a686c300.pdf
Congreso de la República - Periodo Parlamentario 2016 - 2021,Período Anual de Sesiones 2017 - 2018,Segunda Legislatura Ordinaria,Asistencia de la sesión del 22-03-2018,https://www2.congreso.gob.pe/Sicr/RelatAgenda/PlenoComiPerm20112016.nsf/Apleno/1300F791CE3ECF5E0525825C006D84D1/$FILE/22-03-18-as-OFICIAL.pdf,b90a981d-770f-5b14-89f2-7bb3621592d6.pdf
Congreso de la República - Periodo Parlamentario 2016 - 2021,Período Anual de Sesiones 2017 - 2018,Primera Legislatura Ordinaria,Asistencia de la sesión del 29-11-17-Debate Presupuestal 2018,https://www2.congreso.gob.pe/Sicr/RelatAgenda/PlenoComiPerm20112016.nsf/Apleno/AF635FC4FD94395F052581E80006363E/$FILE/29-NOV-17-AS-OFICIAL.pdf,45eca3c4-31c3-5e73-bf84-bd78948e021c.pdf
Congreso de la República - Periodo Parlamentario 2016 - 2021,Período Anual de Sesiones 2017 - 2018,Primera Legislatura Ordinaria,Asistencia de la sesión del 28-11-17-Debate Presupuestal 2018,https://www2.congreso.gob.pe/Sicr/RelatAgenda/PlenoComiPerm20112016.nsf/Apleno/2891B77EB52CE5D4052581E6007E29CB/$FILE/28-NOV-17-AS-OFICIAL.pdf,bdd8c1a0-858d-5c5c-94ff-835b0f3064d3.pdf
Congreso de la República - Periodo Parlamentario 2016 - 2021,Período Anual de Sesiones 2017 - 2018,Primera Legislatura Ordinaria,Asistencia de la sesión del 27-11-17-Debate Presupuestal 2018,https://www2.congreso.gob.pe/Sicr/RelatAgenda/PlenoComiPerm20112016.nsf/Apleno/2114E4F1C736C6EC052581E6007DEA93/$FILE/27-NOV-17-AS-OFICIAL.pdf,90754d43-b731-5b09-88c6-ef19e77b2b6c.pdf
Congreso de la República - Periodo Parlamentario 2016 - 2021,Período Anual de Sesiones 2017 - 2018,Primera Legislatura Ordinaria,Asistencia y votación de la sesión del 12-10-17-Voto de Confianza planteada por la Presidenta del Consejo de Ministros Sra-Aráoz Fernández,https://www2.congreso.gob.pe/Sicr/RelatAgenda/PlenoComiPerm20112016.nsf/Apleno/1D1D837FE952F9FB052581B8001C595F/$FILE/V-OFICIAL-CUESTION-DE-CONFIANZA-12-Y-MADRUGADA13-10-17.pdf,894b7d93-4159-5297-ba40-6d1d752650d7.pdf
Congreso de la República - Periodo Parlamentario 2016 - 2021,Período Anual de Sesiones 2017 - 2018,Primera Legislatura Ordinaria,Asistencia de la sesión del Pleno del 08-09-17 - Interpelación a la señora Ministra de Educación Marilú Martens Cortés,https://www2.congreso.gob.pe/Sicr/RelatAgenda/PlenoComiPerm20112016.nsf/Apleno/2A9B12AB249731C3052581950075E6C1/$FILE/AS-08-09-17-OFICIAL.pdf,42bea5e4-774d-5ef7-815a-3e0f0b368506.pdf
Congreso de la República - Periodo Parlamentario 2016 - 2021,Período Anual de Sesiones 2017 - 2018,Primera Legislatura Ordinaria,"Asistencia de la sesión Extraordinaria del Pleno del 07-09-17 - Sustentación de los Proyectos de Ley del Presupuesto 2017-2018-Presidente del Consejo de Ministros y Ministro de Economía y Finanzas, Fernando Zavala Lombardi",https://www2.congreso.gob.pe/Sicr/RelatAgenda/PlenoComiPerm20112016.nsf/Apleno/07B15A326C08924205258195000312DA/$FILE/0-AS-07-09-17-OFICIAL-EXTRA.pdf,4d31d5f6-fc85-57a2-ac07-7366e099116b.pdf
Congreso de la República - Periodo Parlamentario 2016 - 2021,Período Anual de Sesiones 2017 - 2018,Primera Legislatura Ordinaria,Asistencia de la sesión del Pleno del 28-07-17,https://www2.congreso.gob.pe/Sicr/RelatAgenda/PlenoComiPerm20112016.nsf/Apleno/8285F6273F4E5E1D05258171007AC81E/$FILE/28-07-17-As-Oficial.pdf,bf3d1ba4-dcc1-5904-a474-a5150acac083.pdf
Congreso de la República - Periodo Parlamentario 2016 - 2021,Período Anual de Sesiones 2016 - 2017,Segunda Legislatura Ordinaria,Asistencia de la sesión del Pleno del 26-07-17,https://www2.congreso.gob.pe/Sicr/RelatAgenda/PlenoComiPerm20112016.nsf/Apleno/FD0F3D0E3D4E326C0525817100767F3F/$FILE/26-07-17-AS-Oficial.pdf,ca045246-de26-5ca6-9a05-f4a4efbbbc58.pdf
Congreso de la República - Periodo Parlamentario 2016 - 2021,Período Anual de Sesiones 2016 - 2017,Segunda Legislatura Ordinaria,Asistencia de la sesión del Pleno del 16-06-17- - Concurrencia del Ministro de Economía y Finanzas señor Alfredo Thoner Vetter para que informe con relación a los hechos expuestos en los considerandos de la Moción de Orden del Día 2734,https://www2.congreso.gob.pe/Sicr/RelatAgenda/PlenoComiPerm20112016.nsf/Apleno/F82756B1CD76B61A052581440076D9B6/$FILE/0-Asistencia-16-06-17-Oficial.pdf,173cae74-82d7-5aeb-bc47-f3d23fd0819a.pdf
Congreso de la República - Periodo Parlamentario 2016 - 2021,Período Anual de Sesiones 2016 - 2017,Segunda Legislatura Ordinaria,"Asistencia de la sesión del Pleno del 03-05-17 - Concurrencia del Pte. del Consejo de Ministros, del ministro del Interior y la ministra de la Mujer, a fin de informar sobre el Plan Nacional de Acción contra la Trata de Personas 2011-2016 y en el Plan Nacional de Acción por la Infancia y la Adolescencia.",https://www2.congreso.gob.pe/Sicr/RelatAgenda/PlenoComiPerm20112016.nsf/Apleno/37377F9B49C9EB7A052581150082A423/$FILE/asistencia-oficial.pdf,0db7642a-11a6-5dfc-818d-bfadea810838.pdf
Congreso de la República - Periodo Parlamentario 2016 - 2021,Período Anual de Sesiones 2016 - 2017,Segunda Legislatura Ordinaria,Asistencias de la sesión del Pleno del 24-04-17,https://www2.congreso.gob.pe/Sicr/RelatAgenda/PlenoComiPerm20112016.nsf/Apleno/5C486AB41063F56F0525810D001457CB/$FILE/24-04-17-ASISTS-OFICIALES.pdf,6a823936-60a9-5f5c-910f-a1379c915d22.pdf
Congreso de la República - Periodo Parlamentario 2016 - 2021,Período Anual de Sesiones 2016 - 2017,Primera Legislatura Ordinaria,Asistencia a la sesión del pleno del 07-12-16,https://www2.congreso.gob.pe/Sicr/RelatAgenda/PlenoComiPerm20112016.nsf/Apleno/6355C35A0B11238B052580AD005551FD/$FILE/asistencia-inicial-07-12-16-oficial.pdf,ad541e4b-2cd8-5484-8bc2-ea37f3ad75e2.pdf
Congreso de la República - Periodo Parlamentario 2016 - 2021,Período Anual de Sesiones 2016 - 2017,Primera Legislatura Ordinaria,Asistencia de la sesión del pleno del 25-11-16,https://www2.congreso.gob.pe/Sicr/RelatAgenda/PlenoComiPerm20112016.nsf/Apleno/8DCF4F6702DD3FC90525807C000204EB/$FILE/ASISTENCIA-25-11-16-OFICIAL.pdf,9e9c23e2-184b-5210-a7de-2c159e782f23.pdf
Congreso de la República - Periodo Parlamentario 2016 - 2021,Período Anual de Sesiones 2016 - 2017,Primera Legislatura Ordinaria,Asistencia a la sesión del Pleno del 28-09-16,https://www2.congreso.gob.pe/Sicr/RelatAgenda/PlenoComiPerm20112016.nsf/Apleno/49774E864FA2235F0525803C0078E743/$FILE/Asistencia-28-09-16-Oficial.pdf,704518d9-2634-5253-9a19-d68c2406947f.pdf
Congreso de la República - Periodo Parlamentario 2016 - 2021,Período Anual de Sesiones 2016 - 2017,Primera Legislatura Ordinaria,"Concurrencia del Presidente del Consejo de Ministros y del Ministro de Economía y Finanzas para sustentar los proyectos de Ley de Presupuesto, de Endeudamiento y de Equilibrio Financiero del Sector Público para el Año Fiscal 2017.",https://www2.congreso.gob.pe/Sicr/RelatAgenda/PlenoComiPerm20112016.nsf/Apleno/A717CD665918422D05258028007DE1F8/$FILE/ASISTENCIA-08-09-16-OFICIAL.pdf,e4b35aec-bdb4-5d6a-89c0-503e3277a856.pdf
Congreso de la República - Periodo Parlamentario 2016 - 2021,Período Anual de Sesiones 2016 - 2017,Primera Legislatura Ordinaria,Asistencia a la sesión del pleno del 28 de julio de 2016,https://www2.congreso.gob.pe/Sicr/RelatAgenda/PlenoComiPerm20112016.nsf/Apleno/6F74EF43ACD629E20525800D007B73B8/$FILE/28-07-2016-ASISTENCIA-MANUAL-OFICIAL.pdf,2fc3588b-a20a-57b7-9f2d-64d1b7f63999.pdf
Congreso de la República - Periodo Parlamentario 2016 - 2021,Período Anual de Sesiones 2016 - 2017,Primera Legislatura Ordinaria,Asistencia a la sesión del pleno del 27 de julio de 2016,https://www2.congreso.gob.pe/Sicr/RelatAgenda/PlenoComiPerm20112016.nsf/Apleno/1703688ADDC2544E0525800D007B62EA/$FILE/Asistencia-OFICIAL-27-07-16.pdf,fc777f57-e25b-55fa-8e75-001f4ab34daf.pdf
Congreso de la República - Periodo Parlamentario 2016 - 2021,Período Anual de Sesiones 2016 - 2017,Primera Legislatura Ordinaria,Asistencia a la sesión del pleno del 26 de julio de 2016,https://www2.congreso.gob.pe/Sicr/RelatAgenda/PlenoComiPerm20112016.nsf/Apleno/B24CF75D852B460A0525800D007B0696/$FILE/26-07-16-Asist-Oficial.pdf,ab2d4994-965f-5f16-874c-135bb371824a.pdf
Congreso de la República - Periodo Parlamentario 2011 - 2016,Período Anual de Sesiones 2015 - 2016,Segunda Legislatura Ordinaria,ASISTENCIAS DE LA SESIÓN DEL PLENO DEL 8-06-16,https://www2.congreso.gob.pe/Sicr/RelatAgenda/PlenoComiPerm20112016.nsf/Apleno/B5682B6F2E8AAAC205257FDF0055B1C3/$FILE/Asitencia-08-06-16-OF.pdf,7b77b946-4a8c-52ec-b217-d3912a811cc5.pdf
Congreso de la República - Periodo Parlamentario 2011 - 2016,Período Anual de Sesiones 2015 - 2016,Segunda Legislatura Ordinaria,ASISTENCIA DE LA SESIÓN DEL PLENO DEL 3-03-2016,https://www2.congreso.gob.pe/Sicr/RelatAgenda/PlenoComiPerm20112016.nsf/Apleno/8ED986338412291505257F8F007B9D85/$FILE/Reporte-Asist-OFICIAL-3-mar-16.pdf,8c0c8853-cd01-5038-94bd-59275c1a0b81.pdf
Congreso de la República - Periodo Parlamentario 2011 - 2016,Período Anual de Sesiones 2015 - 2016,Primera Legislatura Ordinaria,ASISTENCIAS DE LA SESIÓN DEL PLENO DEL 20 OCT 2015,https://www2.congreso.gob.pe/Sicr/RelatAgenda/PlenoComiPerm20112016.nsf/Apleno/FAE9EF46390E2E5E05257EF5007AAF3B/$FILE/20-OCT-2015.pdf,6a79587d-56f6-5e65-a302-2812e29cbaec.pdf
Congreso de la República - Periodo Parlamentario 2011 - 2016,Período Anual de Sesiones 2015 - 2016,Primera Legislatura Ordinaria,ASISTENCIA DE LA SESIÓN DEL PLENO DEL 14 OCT 2015,https://www2.congreso.gob.pe/Sicr/RelatAgenda/PlenoComiPerm20112016.nsf/Apleno/735718E8EDFF5A3D05257EF5007A7EB0/$FILE/As-14-oct-15-OFICIAL.pdf,0555a0b9-9d72-5e46-a8b8-4f1fbcc6db20.pdf
Congreso de la República - Periodo Parlamentario 2011 - 2016,Período Anual de Sesiones 2015 - 2016,Primera Legislatura Ordinaria,Asistencia a la sesión del 14 octubre 2015,https://www2.congreso.gob.pe/Sicr/RelatAgenda/PlenoComiPerm20112016.nsf/Apleno/CE8515A5614D53DC05257F31004F452E/$FILE/As-14-oct-15-OFICIAL.pdf,48585ef9-9929-5618-861f-d11019cc91f4.pdf
Congreso de la República - Periodo Parlamentario 2011 - 2016,Período Anual de Sesiones 2015 - 2016,Primera Legislatura Ordinaria,ASISTENCIA DE LA SESIÓN DEL PLENO DEL 13 OCT 2015,https://www2.congreso.gob.pe/Sicr/RelatAgenda/PlenoComiPerm20112016.nsf/Apleno/F37A899029C57F8F05257EF5007A5AE6/$FILE/As-13-oct-15-OFICIAL.pdf,5a574abb-28f8-5f57-964f-9c824e24361e.pdf
Congreso de la República - Periodo Parlamentario 2011 - 2016,Período Anual de Sesiones 2015 - 2016,Primera Legislatura Ordinaria,ASISTENCIA DE LA SESIÓN DEL PLENO DEL 2 DE SETIEMBRE DE 2015,https://www2.congreso.gob.pe/Sicr/RelatAgenda/PlenoComiPerm20112016.nsf/Apleno/417DFDEB725236A105257EC7007923AA/$FILE/02-set-2015-original.pdf,012d711d-b7f0-5f83-ac3a-65670de80970.pdf
Congreso de la República - Periodo Parlamentario 2011 - 2016,Período Anual de Sesiones 2015 - 2016,Primera Legislatura Ordinaria,ASISTENCIA A LA SESIÓN DEL PLENO DEL 27 DE JULIO DE 2015,https://www2.congreso.gob.pe/Sicr/RelatAgenda/PlenoComiPerm20112016.nsf/Apleno/EEDB17B26C5A78B005257EAC006A04F3/$FILE/27-07-15-ast-oFICIAL.pdf,3630d370-7092-5219-9b27-ca9ce9d7786e.pdf
Congreso de la República - Periodo Parlamentario 2011 - 2016,Período Anual de Sesiones 2015 - 2016,Primera Legislatura Ordinaria,Asistencia de la sesión de elección de la Mesa Directiva del 26 de julio de 2015,https://www2.congreso.gob.pe/Sicr/RelatAgenda/PlenoComiPerm20112016.nsf/Apleno/1CD985C01522B69005257E8E0075783D/$FILE/26-07-2015-OFICIAL-ASITENCIA.pdf,5504cc93-4a40-522e-a938-ecde3cfa42bb.pdf
Congreso de la República - Periodo Parlamentario 2011 - 2016,Período Anual de Sesiones 2014 - 2015,Segunda Legislatura Ordinaria,Asistencias de la sesión del Pleno del 12 de junio de 2015,https://www2.congreso.gob.pe/Sicr/RelatAgenda/PlenoComiPerm20112016.nsf/Apleno/780717F9C926973F05257E7500716F77/$FILE/12-jun-15-ASISTENC-SIN-QUORUM.pdf,2e1949d5-f471-5ba1-85ab-5c0cecf7554b.pdf
Congreso de la República - Periodo Parlamentario 2011 - 2016,Período Anual de Sesiones 2014 - 2015,Segunda Legislatura Ordinaria,Asistencia de la sesión del Pleno del 11 de junio de 2015,https://www2.congreso.gob.pe/Sicr/RelatAgenda/PlenoComiPerm20112016.nsf/Apleno/58163D60DB90BD2105257E7500714F8F/$FILE/11-jun-15.pdf,0507b0a6-6ef2-59f7-bf8e-e13997055eb3.pdf
Congreso de la República - Periodo Parlamentario 2011 - 2016,Período Anual de Sesiones 2014 - 2015,Segunda Legislatura Ordinaria,Asistencias de la sesión del Pleno del 29 de mayo de 2015,https://www2.congreso.gob.pe/Sicr/RelatAgenda/PlenoComiPerm20112016.nsf/Apleno/5A120B5A024FC1D305257E6800630274/$FILE/29-05-2015-oficial.pdf,c0323196-3500-5f18-92cc-30ce241f0a8a.pdf
Congreso de la República - Periodo Parlamentario 2011 - 2016,Período Anual de Sesiones 2014 - 2015,Primera Legislatura Ordinaria,Asistencia de la sesión del 27 de noviembre de 2014,https://www2.congreso.gob.pe/Sicr/RelatAgenda/PlenoComiPerm20112016.nsf/Apleno/E432039B652A5ED105257DBD0057E687/$FILE/27-nov-2014-oficial.pdf,4e6e45d3-961f-565e-8798-e9025159b262.pdf
Congreso de la República - Periodo Parlamentario 2011 - 2016,Período Anual de Sesiones 2014 - 2015,Primera Legislatura Ordinaria,Asistencia a la sesión del pleno del 20 de noviembre de 2014,https://www2.congreso.gob.pe/Sicr/RelatAgenda/PlenoComiPerm20112016.nsf/Apleno/83DE9A1FFE0A285205257DBF00584163/$FILE/20-nov-2014-oficial-1.pdf,d89f52e8-0147-522c-bb60-e2e769f6ad41.pdf
Congreso de la República - Periodo Parlamentario 2011 - 2016,Período Anual de Sesiones 2014 - 2015,Primera Legislatura Ordinaria,Asistencia de la sesión del Pleno del 22 de octubre de 2014,https://www2.congreso.gob.pe/Sicr/RelatAgenda/PlenoComiPerm20112016.nsf/Apleno/EF87F75D1F22E41905257D8E00751505/$FILE/22-oct-2014-asit-oficial.pdf,73a3ff9c-ea86-5859-82ab-ea5f051b1248.pdf
Congreso de la República - Periodo Parlamentario 2011 - 2016,Período Anual de Sesiones 2014 - 2015,Primera Legislatura Ordinaria,Asistencia de la sesión del Pleno del 24 de setiembre de 2014,https://www2.congreso.gob.pe/Sicr/RelatAgenda/PlenoComiPerm20112016.nsf/Apleno/49E141CDA0B1FACB05257D64005412C7/$FILE/24-set-asitencia-oficial.pdf,3df5e49c-b527-5a86-a1e8-7e8bf1799be2.pdf
Congreso de la República - Periodo Parlamentario 2011 - 2016,Período Anual de Sesiones 2014 - 2015,Primera Legislatura Ordinaria,Asistencias de la sesión del Pleno del 22 de setiembre de 2014,https://www2.congreso.gob.pe/Sicr/RelatAgenda/PlenoComiPerm20112016.nsf/Apleno/F1F6D2A4A92AECD105257D80005FA2F6/$FILE/OFICIAL-ASISTENCIA-22-SET-2014.pdf,7770a254-4fbe-521b-aa55-8f731bb30718.pdf
Congreso de la República - Periodo Parlamentario 2011 - 2016,Período Anual de Sesiones 2014 - 2015,Primera Legislatura Ordinaria,Asistencias de la sesión del Pleno del 12 de setiembre de 2014,https://www2.congreso.gob.pe/Sicr/RelatAgenda/PlenoComiPerm20112016.nsf/Apleno/1D693C44B9D39A2105257D54006AA709/$FILE/Asistencia-of-12-09-2014.pdf,77c51d78-a199-5a4b-a3aa-2da31db685ab.pdf
Congreso de la República - Periodo Parlamentario 2011 - 2016,Período Anual de Sesiones 2014 - 2015,Primera Legislatura Ordinaria,Asistencias de la sesión del Pleno del 10 de setiembre de 2014,https://www2.congreso.gob.pe/Sicr/RelatAgenda/PlenoComiPerm20112016.nsf/Apleno/00FE25CB7D57383305257D5C0079842F/$FILE/OFICIAL-asistencia-10-09-2014.pdf,1469290b-1262-5b2b-bd82-ab9524d10095.pdf
Congreso de la República - Periodo Parlamentario 2011 - 2016,Período Anual de Sesiones 2014 - 2015,Primera Legislatura Ordinaria,Asistencia de la sesión del Pleno del 28 julio 2014,https://www2.congreso.gob.pe/Sicr/RelatAgenda/PlenoComiPerm20112016.nsf/Apleno/5902B37DB35AA40305257D3A005B2B27/$FILE/ASIST-OFICIAL-28-jul-2014.pdf,4d51cb30-833a-5d4b-9037-e5d1d44d4325.pdf
Congreso de la República - Periodo Parlamentario 2011 - 2016,Período Anual de Sesiones 2014 - 2015,Primera Legislatura Ordinaria,Asistencia de la sesión del Pleno del 27 julio 2014,https://www2.congreso.gob.pe/Sicr/RelatAgenda/PlenoComiPerm20112016.nsf/Apleno/9AE7FC12220E014305257D3A005B048B/$FILE/ASIST-OFICIAL-27-jul-2014.pdf,917de0f9-3c4b-51e3-94d1-3c65200c38f7.pdf
Congreso de la República - Periodo Parlamentario 2011 - 2016,Período Anual de Sesiones 2013 - 2014,Segunda Legislatura Ordinaria,Asistencia de la sesión del Pleno del 26 de julio de 2014,https://www2.congreso.gob.pe/Sicr/RelatAgenda/PlenoComiPerm20112016.nsf/Apleno/A7D452E8AA74B72305257D3A005A9DC1/$FILE/ASIST-26-jul-2014-OFICIAL.pdf,78ab9fa0-bd04-56be-b680-d5cc51adac77.pdf
Congreso de la República - Periodo Parlamentario 2011 - 2016,Período Anual de Sesiones 2013 - 2014,Segunda Legislatura Ordinaria,Asistencia a la sesión del Pleno del 8 de mayo de 2014,https://www2.congreso.gob.pe/Sicr/RelatAgenda/PlenoComiPerm20112016.nsf/Apleno/646F1BFFDB2D63D105257CF9006BC932/$FILE/8-may-2014-asist-oficial.pdf,513f8b98-034d-5e99-98be-24cefc0e59a9.pdf
Congreso de la República - Periodo Parlamentario 2011 - 2016,Período Anual de Sesiones 2013 - 2014,Primera Legislatura Ordinaria,Asistencia de la sesión del Pleno del 7 de enero de 2014,https://www2.congreso.gob.pe/Sicr/RelatAgenda/PlenoComiPerm20112016.nsf/Apleno/3648774A36D2616A05257C670057C114/$FILE/Asi-7-ene-2014-ofc.pdf,29a9c45b-4ae4-5c1e-aaaa-4bec46a71784.pdf
Congreso de la República - Periodo Parlamentario 2011 - 2016,Período Anual de Sesiones 2013 - 2014,Primera Legislatura Ordinaria,Asistencias 27 noviembre 2013,https://www2.congreso.gob.pe/Sicr/RelatAgenda/PlenoComiPerm20112016.nsf/Apleno/5ED5990B7800964E05257C3C007B1BF2/$FILE/ast-27-11-13-oficial.pdf,247bd023-bab9-547d-88c9-7660ce5dcb77.pdf
Congreso de la República - Periodo Parlamentario 2011 - 2016,Período Anual de Sesiones 2013 - 2014,Primera Legislatura Ordinaria,Asistencias del 14 noviembre 2013,https://www2.congreso.gob.pe/Sicr/RelatAgenda/PlenoComiPerm20112016.nsf/Apleno/D026C0A1CE7A2DC605257C300062654D/$FILE/14-nov-2013-Asistencia.pdf,6710082a-6df8-50b4-8245-a1e218b92c83.pdf
Congreso de la República - Periodo Parlamentario 2011 - 2016,Período Anual de Sesiones 2013 - 2014,Primera Legislatura Ordinaria,Asistencia a la Sesión del Pleno del 11 de octubre de 2013,https://www2.congreso.gob.pe/Sicr/RelatAgenda/PlenoComiPerm20112016.nsf/Apleno/93024CB45820095405257C15005F52E8/$FILE/ASIST-11-OCT-13.pdf,17754cbd-9074-5c92-b137-fc39bd31060d.pdf
Congreso de la República - Periodo Parlamentario 2011 - 2016,Período Anual de Sesiones 2013 - 2014,Primera Legislatura Ordinaria,Asistencia del Pleno del 04 de setiembre de 2013,https://www2.congreso.gob.pe/Sicr/RelatAgenda/PlenoComiPerm20112016.nsf/Apleno/F16BC4AD4D62D51905257BF00050C088/$FILE/asitencia-4-set-2013-OF.pdf,aacb4b0b-3da6-5c57-b613-bba4165fd7a8.pdf
Congreso de la República - Periodo Parlamentario 2011 - 2016,Período Anual de Sesiones 2012 - 2013,Segunda Legislatura Ordinaria,Asistencia a la Sesión del Pleno del 27 de julio de 2013,https://www2.congreso.gob.pe/Sicr/RelatAgenda/PlenoComiPerm20112016.nsf/Apleno/D2489EC4C754BF8605257BCF00746268/$FILE/27-07-2013.pdf,9926bf52-28ac-5817-aade-9903df6a42e9.pdf
Congreso de la República - Periodo Parlamentario 2011 - 2016,Período Anual de Sesiones 2012 - 2013,Segunda Legislatura Ordinaria,Asistencia a la Sesión del Pleno del 26 de julio de 2013,https://www2.congreso.gob.pe/Sicr/RelatAgenda/PlenoComiPerm20112016.nsf/Apleno/7C27D9CC2458C6C605257BCF00716385/$FILE/26-07-2013.pdf,6d872615-36d2-5f22-b9c2-8588ddbd377b.pdf
Congreso de la República - Periodo Parlamentario 2011 - 2016,Período Anual de Sesiones 2012 - 2013,Segunda Legislatura Ordinaria,Asistencia a la sesión del Pleno del 13 de junio de 2013,https://www2.congreso.gob.pe/Sicr/RelatAgenda/PlenoComiPerm20112016.nsf/Apleno/987A08118EE46ADB05257B8E00577886/$FILE/Asistencia-13-junio-2013.pdf,7e28b576-af44-574d-86e6-e0e39e9965d6.pdf
Congreso de la República - Periodo Parlamentario 2011 - 2016,Período Anual de Sesiones 2012 - 2013,Segunda Legislatura Ordinaria,Asistencia a la Sesión del pleno del 15 de mayo de 2013,https://www2.congreso.gob.pe/Sicr/RelatAgenda/PlenoComiPerm20112016.nsf/Apleno/56DEF27609925BE405257B75006A921F/$FILE/Asistencia-15-mayo-2013.pdf,d765cb53-9ae8-520a-b4ff-97eaa50ecbb7.pdf
Congreso de la República - Periodo Parlamentario 2011 - 2016,Período Anual de Sesiones 2012 - 2013,Segunda Legislatura Ordinaria,Asistencia a la Sesión del Pleno del 3 de mayo de 2013,https://www2.congreso.gob.pe/Sicr/RelatAgenda/PlenoComiPerm20112016.nsf/Apleno/7155ECD41B5253D105257B75006A4235/$FILE/Asistencia-3-mayo-2013.pdf,924ce390-1cb8-56dd-8f7e-aa7b3c71a0b6.pdf
Congreso de la República - Periodo Parlamentario 2011 - 2016,Período Anual de Sesiones 2012 - 2013,Segunda Legislatura Ordinaria,Asistencia a la Sesión del Pleno del 12 de abril de 2013,https://www2.congreso.gob.pe/Sicr/RelatAgenda/PlenoComiPerm20112016.nsf/Apleno/F7FFD9D11E09D30805257B6A004D8CC9/$FILE/12-abril-13-asistencia.pdf,92225355-e679-5a04-8fb5-02c484a181dc.pdf
Congreso de la República - Periodo Parlamentario 2011 - 2016,Período Anual de Sesiones 2012 - 2013,Segunda Legislatura Ordinaria,Asistencia a la sesión del Pleno del 25 de marzo de 2013,https://www2.congreso.gob.pe/Sicr/RelatAgenda/PlenoComiPerm20112016.nsf/Apleno/4724ADB14CA2295705257B4E0051F151/$FILE/asistencia-25-mar-2013.pdf,f909857d-6bd0-5480-b06a-c9e14aa50cef.pdf
Congreso de la República - Periodo Parlamentario 2011 - 2016,Período Anual de Sesiones 2012 - 2013,Segunda Legislatura Ordinaria,Asistencia a la Sesión del Pleno del 1 de marzo de 2013,https://www2.congreso.gob.pe/Sicr/RelatAgenda/PlenoComiPerm20112016.nsf/Apleno/9B94A54F09C0441905257B36007423E9/$FILE/asistencia-1-mar-2013.pdf,b3f32af2-4d42-513e-87d4-b1f908908688.pdf
Congreso de la República - Periodo Parlamentario 2011 - 2016,Período Anual de Sesiones 2012 - 2013,Primera Legislatura Ordinaria,Asistencia y votación a la sesión del Pleno del 4 de setiembre de 2012,https://www2.congreso.gob.pe/Sicr/RelatAgenda/PlenoComiPerm20112016.nsf/Apleno/65A0E7FB84EF304B05257A8C006097F1/$FILE/vot-4-set-2012.pdf,a0a59179-1e73-5d39-a08b-fccf64718b6a.pdf
Congreso de la República - Periodo Parlamentario 2011 - 2016,Período Anual de Sesiones 2012 - 2013,Primera Legislatura Ordinaria,Asistencia a la Sesión del Pleno del 27 de julio de 2012,https://www2.congreso.gob.pe/Sicr/RelatAgenda/PlenoComiPerm20112016.nsf/Apleno/2D465408D4F094F505257A4D00569A31/$FILE/asistencia-27-07-2012.pdf,6bfee3a8-bac7-5db9-b038-e74b3031d4e4.pdf
Congreso de la República - Periodo Parlamentario 2011 - 2016,Período Anual de Sesiones 2012 - 2013,Primera Legislatura Ordinaria,Asistencia a la Sesión de Pleno del 26 de julio de 2012,https://www2.congreso.gob.pe/Sicr/RelatAgenda/PlenoComiPerm20112016.nsf/Apleno/A6121B348DA76B7905257A4D0055B7C5/$FILE/asistencia-26-07-2012.pdf,a5033655-0e7a-5496-bfcf-b00890ee4d6a.pdf
Congreso de la República - Periodo Parlamentario 2011 - 2016,Período Anual de Sesiones 2011 - 2012,Segunda Legislatura Ordinaria,Asistencia a la Sesión del Pleno del 3 de mayo de 2012,https://www2.congreso.gob.pe/Sicr/RelatAgenda/PlenoComiPerm20112016.nsf/Apleno/2782D1AA4585D897052579F3004FDBE8/$FILE/ASISTENCIA_3_DE_MAYO-2012.PDF,667b76fe-3e48-526e-9ef4-77d1a4d9afde.pdf
Congreso de la República - Periodo Parlamentario 2011 - 2016,Período Anual de Sesiones 2011 - 2012,Segunda Legislatura Ordinaria,Asistencia a la Sesión del Pleno del 23 de marzo de 2012,https://www2.congreso.gob.pe/Sicr/RelatAgenda/PlenoComiPerm20112016.nsf/Apleno/B19183CF52281FA7052579DB00532043/$FILE/Asistencia-viernes-23-marzo-2012.PDF,cd160101-dfbc-5194-b44f-2a5906512df6.pdf
Congreso de la República - Periodo Parlamentario 2011 - 2016,Período Anual de Sesiones 2011 - 2012,Segunda Legislatura Ordinaria,Asistencia a la Sesión del Pleno del 20 de marzo de 2012,https://www2.congreso.gob.pe/Sicr/RelatAgenda/PlenoComiPerm20112016.nsf/Apleno/3C87473CF7201EC9052579CF005BF986/$FILE/Asistencia-martes-20-marzo-2012.PDF,8dee8fc8-d3be-5527-ae9b-fcfd38683701.pdf
Congreso de la República - Periodo Parlamentario 2011 - 2016,Período Anual de Sesiones 2011 - 2012,Primera Legislatura Ordinaria,Asistencia a la Sesión del Pleno del 23-NOV-2011,https://www2.congreso.gob.pe/Sicr/RelatAgenda/PlenoComiPerm20112016.nsf/Apleno/2553629A9A47630505257FC4007A12E4/$FILE/23-11-2011.pdf,77597bbc-0128-5ba0-90b6-f08b2065271b.pdf
Congreso de la República - Periodo Parlamentario 2011 - 2016,Período Anual de Sesiones 2011 - 2012,Primera Legislatura Ordinaria,Asistencia y Votación a la Sesión del Pleno del 15-SET-2011,https://www2.congreso.gob.pe/Sicr/RelatAgenda/PlenoComiPerm20112016.nsf/Apleno/9482868F211A72BC05257FC40077FCE7/$FILE/15-09-2011.pdf,0bf7c38e-8cec-590f-b4b1-34bf302da64e.pdf
Congreso de la República - Periodo Parlamentario 2006 - 2011,Período Anual de Sesiones 2010 - 2011,Segunda Legislatura Ordinaria,Asistencia de la sesión del 10-03-2011,https://www2.congreso.gob.pe/Sicr/RelatAgenda/PlenoComiPerm20112016.nsf/Apleno/05FD01EF18A6C5A9052584B0005E2655/$FILE/Asis-10-03-2011-CF.pdf,e0500750-bca0-5dd6-84ea-b13514c77505.pdf
Congreso de la República - Periodo Parlamentario 2006 - 2011,Período Anual de Sesiones 2010 - 2011,Primera Legislatura Ordinaria,Asistencia de la sesión del 24-11-2010,https://www2.congreso.gob.pe/Sicr/RelatAgenda/PlenoComiPerm20112016.nsf/Apleno/C2C1AAAC16393539052584B0005D4191/$FILE/Asis-24-11-2010-CF.pdf,f61682d9-02c6-5a07-9ba2-b3f8b52966a8.pdf
Congreso de la República - Periodo Parlamentario 2006 - 2011,Período Anual de Sesiones 2010 - 2011,Primera Legislatura Ordinaria,Asistencia de la sesión del 23-11-2010,https://www2.congreso.gob.pe/Sicr/RelatAgenda/PlenoComiPerm20112016.nsf/Apleno/83CEB63DFE50D9CF052584B0005D3190/$FILE/Asis-23-11-2010-CF.pdf,7be192e5-1cfe-5955-a680-d22d1645aea5.pdf
Congreso de la República - Periodo Parlamentario 2006 - 2011,Período Anual de Sesiones 2010 - 2011,Primera Legislatura Ordinaria,Asistencias de la sesión del 08-09-2010,https://www2.congreso.gob.pe/Sicr/RelatAgenda/PlenoComiPerm20112016.nsf/Apleno/0316789EE18823CA052584B0005A4914/$FILE/Asis-08-09-2010-CF.pdf,78730e8e-7d73-52a5-bac9-0672a1dbdee1.pdf
Congreso de la República - Periodo Parlamentario 2006 - 2011,Período Anual de Sesiones 2010 - 2011,Primera Legislatura Ordinaria,Asistencia de la sesión del 28-07-2010,https://www2.congreso.gob.pe/Sicr/RelatAgenda/PlenoComiPerm20112016.nsf/Apleno/AA5F6B863A6F0639052584B00059AC5D/$FILE/Asis-28-07-2010-CF.pdf,879fd557-9d31-51ef-94a8-fdb480720a31.pdf
Congreso de la República - Periodo Parlamentario 2006 - 2011,Período Anual de Sesiones 2010 - 2011,Primera Legislatura Ordinaria,Asistencia de la sesión del 27-07-2010,https://www2.congreso.gob.pe/Sicr/RelatAgenda/PlenoComiPerm20112016.nsf/Apleno/6F7D864FC97A1D3F052584B0005990C1/$FILE/Asis-27-07-2010-CF.pdf,60cfa209-166d-518d-8c37-a717e1885427.pdf
Congreso de la República - Periodo Parlamentario 2006 - 2011,Período Anual de Sesiones 2009 - 2010,Segunda Legislatura Ordinaria,Asistencia de la sesión del 15-06-2010,https://www2.congreso.gob.pe/Sicr/RelatAgenda/PlenoComiPerm20112016.nsf/Apleno/75CE12ABEFE0B6E2052584B00058EE11/$FILE/Asis-vot-OFICIAL-15-06-2010-CF.pdf,96b00db7-67a0-5d63-9540-da2fb930817d.pdf
Congreso de la República - Periodo Parlamentario 2006 - 2011,Período Anual de Sesiones 2009 - 2010,Segunda Legislatura Ordinaria,Asistencia de la sesión del 09-06-2010,https://www2.congreso.gob.pe/Sicr/RelatAgenda/PlenoComiPerm20112016.nsf/Apleno/DBCBB9A7AFBC7D25052584B00058BBBC/$FILE/Asis-vot-OFICIAL-09-06-2010-CF.pdf,3f7354f3-a8a3-5e4d-8b4d-9983081787f2.pdf
